DEPARTAMENTO,period,CANTIDAD
AMAZONAS,2019-01-01,870
AMAZONAS,2019-02-01,789
AMAZONAS,2019-03-01,839
AMAZONAS,2019-04-01,771
AMAZONAS,2019-05-01,811
AMAZONAS,2019-06-01,889
AMAZONAS,2019-07-01,831
AMAZONAS,2019-08-01,879
AMAZONAS,2019-09-01,812
AMAZONAS,2019-10-01,916
AMAZONAS,2019-11-01,780
AMAZONAS,2019-12-01,779
AMAZONAS,2020-01-01,847
AMAZONAS,2020-02-01,860
AMAZONAS,2020-03-01,753
AMAZONAS,2020-04-01,282
AMAZONAS,2020-05-01,404
AMAZONAS,2020-06-01,507
AMAZONAS,2020-07-01,578
AMAZONAS,2020-08-01,689
AMAZONAS,2020-09-01,730
AMAZONAS,2020-10-01,743
AMAZONAS,2020-11-01,761
AMAZONAS,2020-12-01,761
AMAZONAS,2021-01-01,665
AMAZONAS,2021-02-01,633
AMAZONAS,2021-03-01,686
AMAZONAS,2021-04-01,659
AMAZONAS,2021-05-01,815
AMAZONAS,2021-06-01,761
AMAZONAS,2021-07-01,720
AMAZONAS,2021-08-01,804
AMAZONAS,2021-09-01,712
AMAZONAS,2021-10-01,731
AMAZONAS,2021-11-01,711
AMAZONAS,2021-12-01,776
AMAZONAS,2022-01-01,745
AMAZONAS,2022-02-01,675
AMAZONAS,2022-03-01,733
AMAZONAS,2022-04-01,724
AMAZONAS,2022-05-01,747
AMAZONAS,2022-06-01,748
AMAZONAS,2022-07-01,790
AMAZONAS,2022-08-01,795
AMAZONAS,2022-09-01,805
AMAZONAS,2022-10-01,797
AMAZONAS,2022-11-01,734
AMAZONAS,2022-12-01,745
AMAZONAS,2023-01-01,754
AMAZONAS,2023-02-01,796
AMAZONAS,2023-03-01,766
AMAZONAS,2023-04-01,766
AMAZONAS,2023-05-01,844
AMAZONAS,2023-06-01,751
AMAZONAS,2023-07-01,831
AMAZONAS,2023-08-01,886
AMAZONAS,2023-09-01,821
AMAZONAS,2023-10-01,888
AMAZONAS,2023-11-01,874
AMAZONAS,2023-12-01,862
AMAZONAS,2024-01-01,831
AMAZONAS,2024-02-01,807
AMAZONAS,2024-03-01,868
AMAZONAS,2024-04-01,818
AMAZONAS,2024-05-01,770
AMAZONAS,2024-06-01,838
AMAZONAS,2024-07-01,834
AMAZONAS,2024-08-01,872
AMAZONAS,2024-09-01,902
AMAZONAS,2024-10-01,837
AMAZONAS,2024-11-01,695
AMAZONAS,2024-12-01,718
AMAZONAS,2025-01-01,750
AMAZONAS,2025-02-01,672
AMAZONAS,2025-03-01,741
AMAZONAS,2025-04-01,761
AMAZONAS,2025-05-01,646
AMAZONAS,2025-06-01,640
AMAZONAS,2025-07-01,699
AMAZONAS,2025-08-01,506
ANCASH,2019-01-01,2559
ANCASH,2019-02-01,2285
ANCASH,2019-03-01,2679
ANCASH,2019-04-01,2491
ANCASH,2019-05-01,2766
ANCASH,2019-06-01,2545
ANCASH,2019-07-01,2683
ANCASH,2019-08-01,2696
ANCASH,2019-09-01,2624
ANCASH,2019-10-01,2694
ANCASH,2019-11-01,2770
ANCASH,2019-12-01,2872
ANCASH,2020-01-01,3166
ANCASH,2020-02-01,3076
ANCASH,2020-03-01,2112
ANCASH,2020-04-01,787
ANCASH,2020-05-01,1162
ANCASH,2020-06-01,1443
ANCASH,2020-07-01,1632
ANCASH,2020-08-01,1917
ANCASH,2020-09-01,2016
ANCASH,2020-10-01,2442
ANCASH,2020-11-01,2269
ANCASH,2020-12-01,2321
ANCASH,2021-01-01,2313
ANCASH,2021-02-01,1947
ANCASH,2021-03-01,2157
ANCASH,2021-04-01,1922
ANCASH,2021-05-01,2259
ANCASH,2021-06-01,2269
ANCASH,2021-07-01,2382
ANCASH,2021-08-01,2364
ANCASH,2021-09-01,2327
ANCASH,2021-10-01,2476
ANCASH,2021-11-01,2308
ANCASH,2021-12-01,2371
ANCASH,2022-01-01,2361
ANCASH,2022-02-01,2377
ANCASH,2022-03-01,2835
ANCASH,2022-04-01,2579
ANCASH,2022-05-01,2566
ANCASH,2022-06-01,2389
ANCASH,2022-07-01,2520
ANCASH,2022-08-01,2453
ANCASH,2022-09-01,2558
ANCASH,2022-10-01,2553
ANCASH,2022-11-01,2381
ANCASH,2022-12-01,2449
ANCASH,2023-01-01,2515
ANCASH,2023-02-01,2528
ANCASH,2023-03-01,2590
ANCASH,2023-04-01,2756
ANCASH,2023-05-01,2817
ANCASH,2023-06-01,2590
ANCASH,2023-07-01,2773
ANCASH,2023-08-01,2597
ANCASH,2023-09-01,2535
ANCASH,2023-10-01,2795
ANCASH,2023-11-01,2463
ANCASH,2023-12-01,2526
ANCASH,2024-01-01,2658
ANCASH,2024-02-01,2651
ANCASH,2024-03-01,2720
ANCASH,2024-04-01,2623
ANCASH,2024-05-01,2631
ANCASH,2024-06-01,2538
ANCASH,2024-07-01,2679
ANCASH,2024-08-01,2765
ANCASH,2024-09-01,2725
ANCASH,2024-10-01,2508
ANCASH,2024-11-01,2254
ANCASH,2024-12-01,2377
ANCASH,2025-01-01,2327
ANCASH,2025-02-01,2189
ANCASH,2025-03-01,2466
ANCASH,2025-04-01,2286
ANCASH,2025-05-01,2219
ANCASH,2025-06-01,2191
ANCASH,2025-07-01,2184
ANCASH,2025-08-01,1783
APURIMAC,2019-01-01,819
APURIMAC,2019-02-01,769
APURIMAC,2019-03-01,866
APURIMAC,2019-04-01,857
APURIMAC,2019-05-01,898
APURIMAC,2019-06-01,1059
APURIMAC,2019-07-01,1137
APURIMAC,2019-08-01,991
APURIMAC,2019-09-01,1080
APURIMAC,2019-10-01,1149
APURIMAC,2019-11-01,1126
APURIMAC,2019-12-01,1042
APURIMAC,2020-01-01,1180
APURIMAC,2020-02-01,1181
APURIMAC,2020-03-01,809
APURIMAC,2020-04-01,348
APURIMAC,2020-05-01,588
APURIMAC,2020-06-01,841
APURIMAC,2020-07-01,926
APURIMAC,2020-08-01,837
APURIMAC,2020-09-01,909
APURIMAC,2020-10-01,1037
APURIMAC,2020-11-01,1104
APURIMAC,2020-12-01,1115
APURIMAC,2021-01-01,1063
APURIMAC,2021-02-01,826
APURIMAC,2021-03-01,1052
APURIMAC,2021-04-01,919
APURIMAC,2021-05-01,977
APURIMAC,2021-06-01,881
APURIMAC,2021-07-01,1030
APURIMAC,2021-08-01,1071
APURIMAC,2021-09-01,1029
APURIMAC,2021-10-01,1169
APURIMAC,2021-11-01,1010
APURIMAC,2021-12-01,1099
APURIMAC,2022-01-01,943
APURIMAC,2022-02-01,877
APURIMAC,2022-03-01,1022
APURIMAC,2022-04-01,971
APURIMAC,2022-05-01,969
APURIMAC,2022-06-01,941
APURIMAC,2022-07-01,1016
APURIMAC,2022-08-01,925
APURIMAC,2022-09-01,942
APURIMAC,2022-10-01,1003
APURIMAC,2022-11-01,965
APURIMAC,2022-12-01,873
APURIMAC,2023-01-01,833
APURIMAC,2023-02-01,864
APURIMAC,2023-03-01,962
APURIMAC,2023-04-01,947
APURIMAC,2023-05-01,977
APURIMAC,2023-06-01,952
APURIMAC,2023-07-01,1023
APURIMAC,2023-08-01,1004
APURIMAC,2023-09-01,1011
APURIMAC,2023-10-01,1001
APURIMAC,2023-11-01,1017
APURIMAC,2023-12-01,1030
APURIMAC,2024-01-01,965
APURIMAC,2024-02-01,963
APURIMAC,2024-03-01,1045
APURIMAC,2024-04-01,1001
APURIMAC,2024-05-01,938
APURIMAC,2024-06-01,964
APURIMAC,2024-07-01,1034
APURIMAC,2024-08-01,1026
APURIMAC,2024-09-01,1095
APURIMAC,2024-10-01,998
APURIMAC,2024-11-01,963
APURIMAC,2024-12-01,1073
APURIMAC,2025-01-01,1043
APURIMAC,2025-02-01,920
APURIMAC,2025-03-01,1057
APURIMAC,2025-04-01,887
APURIMAC,2025-05-01,983
APURIMAC,2025-06-01,867
APURIMAC,2025-07-01,798
APURIMAC,2025-08-01,649
AREQUIPA,2019-01-01,4869
AREQUIPA,2019-02-01,4371
AREQUIPA,2019-03-01,5582
AREQUIPA,2019-04-01,4947
AREQUIPA,2019-05-01,5021
AREQUIPA,2019-06-01,5017
AREQUIPA,2019-07-01,4878
AREQUIPA,2019-08-01,4703
AREQUIPA,2019-09-01,4870
AREQUIPA,2019-10-01,5096
AREQUIPA,2019-11-01,4992
AREQUIPA,2019-12-01,5017
AREQUIPA,2020-01-01,5431
AREQUIPA,2020-02-01,5299
AREQUIPA,2020-03-01,4216
AREQUIPA,2020-04-01,1946
AREQUIPA,2020-05-01,2725
AREQUIPA,2020-06-01,3010
AREQUIPA,2020-07-01,3018
AREQUIPA,2020-08-01,3499
AREQUIPA,2020-09-01,3989
AREQUIPA,2020-10-01,4605
AREQUIPA,2020-11-01,4686
AREQUIPA,2020-12-01,4429
AREQUIPA,2021-01-01,4586
AREQUIPA,2021-02-01,3650
AREQUIPA,2021-03-01,4389
AREQUIPA,2021-04-01,4114
AREQUIPA,2021-05-01,4368
AREQUIPA,2021-06-01,3925
AREQUIPA,2021-07-01,4362
AREQUIPA,2021-08-01,4622
AREQUIPA,2021-09-01,4612
AREQUIPA,2021-10-01,4723
AREQUIPA,2021-11-01,4838
AREQUIPA,2021-12-01,4867
AREQUIPA,2022-01-01,4613
AREQUIPA,2022-02-01,4745
AREQUIPA,2022-03-01,5709
AREQUIPA,2022-04-01,5517
AREQUIPA,2022-05-01,5404
AREQUIPA,2022-06-01,5103
AREQUIPA,2022-07-01,5239
AREQUIPA,2022-08-01,5216
AREQUIPA,2022-09-01,5461
AREQUIPA,2022-10-01,5418
AREQUIPA,2022-11-01,5320
AREQUIPA,2022-12-01,5053
AREQUIPA,2023-01-01,5087
AREQUIPA,2023-02-01,5308
AREQUIPA,2023-03-01,6213
AREQUIPA,2023-04-01,6424
AREQUIPA,2023-05-01,6240
AREQUIPA,2023-06-01,6245
AREQUIPA,2023-07-01,6278
AREQUIPA,2023-08-01,6210
AREQUIPA,2023-09-01,6199
AREQUIPA,2023-10-01,6565
AREQUIPA,2023-11-01,6227
AREQUIPA,2023-12-01,6138
AREQUIPA,2024-01-01,6223
AREQUIPA,2024-02-01,5747
AREQUIPA,2024-03-01,6391
AREQUIPA,2024-04-01,6214
AREQUIPA,2024-05-01,5712
AREQUIPA,2024-06-01,5679
AREQUIPA,2024-07-01,5855
AREQUIPA,2024-08-01,5622
AREQUIPA,2024-09-01,5434
AREQUIPA,2024-10-01,5265
AREQUIPA,2024-11-01,4830
AREQUIPA,2024-12-01,4828
AREQUIPA,2025-01-01,4689
AREQUIPA,2025-02-01,4454
AREQUIPA,2025-03-01,5143
AREQUIPA,2025-04-01,4865
AREQUIPA,2025-05-01,4834
AREQUIPA,2025-06-01,4318
AREQUIPA,2025-07-01,4223
AREQUIPA,2025-08-01,3783
AYACUCHO,2019-01-01,925
AYACUCHO,2019-02-01,811
AYACUCHO,2019-03-01,984
AYACUCHO,2019-04-01,929
AYACUCHO,2019-05-01,1004
AYACUCHO,2019-06-01,1005
AYACUCHO,2019-07-01,1050
AYACUCHO,2019-08-01,1017
AYACUCHO,2019-09-01,1104
AYACUCHO,2019-10-01,1162
AYACUCHO,2019-11-01,1175
AYACUCHO,2019-12-01,1095
AYACUCHO,2020-01-01,1195
AYACUCHO,2020-02-01,1292
AYACUCHO,2020-03-01,883
AYACUCHO,2020-04-01,363
AYACUCHO,2020-05-01,572
AYACUCHO,2020-06-01,726
AYACUCHO,2020-07-01,931
AYACUCHO,2020-08-01,932
AYACUCHO,2020-09-01,954
AYACUCHO,2020-10-01,988
AYACUCHO,2020-11-01,1068
AYACUCHO,2020-12-01,1011
AYACUCHO,2021-01-01,1011
AYACUCHO,2021-02-01,898
AYACUCHO,2021-03-01,969
AYACUCHO,2021-04-01,921
AYACUCHO,2021-05-01,1001
AYACUCHO,2021-06-01,1058
AYACUCHO,2021-07-01,1210
AYACUCHO,2021-08-01,1163
AYACUCHO,2021-09-01,1076
AYACUCHO,2021-10-01,1205
AYACUCHO,2021-11-01,1145
AYACUCHO,2021-12-01,1154
AYACUCHO,2022-01-01,1128
AYACUCHO,2022-02-01,1039
AYACUCHO,2022-03-01,1281
AYACUCHO,2022-04-01,1314
AYACUCHO,2022-05-01,1282
AYACUCHO,2022-06-01,1272
AYACUCHO,2022-07-01,1298
AYACUCHO,2022-08-01,1243
AYACUCHO,2022-09-01,1043
AYACUCHO,2022-10-01,1127
AYACUCHO,2022-11-01,1048
AYACUCHO,2022-12-01,1093
AYACUCHO,2023-01-01,1213
AYACUCHO,2023-02-01,1262
AYACUCHO,2023-03-01,1355
AYACUCHO,2023-04-01,1553
AYACUCHO,2023-05-01,1280
AYACUCHO,2023-06-01,1315
AYACUCHO,2023-07-01,1395
AYACUCHO,2023-08-01,1412
AYACUCHO,2023-09-01,1343
AYACUCHO,2023-10-01,1522
AYACUCHO,2023-11-01,1462
AYACUCHO,2023-12-01,1446
AYACUCHO,2024-01-01,1412
AYACUCHO,2024-02-01,1544
AYACUCHO,2024-03-01,1869
AYACUCHO,2024-04-01,1472
AYACUCHO,2024-05-01,1475
AYACUCHO,2024-06-01,1337
AYACUCHO,2024-07-01,1411
AYACUCHO,2024-08-01,1479
AYACUCHO,2024-09-01,1502
AYACUCHO,2024-10-01,1416
AYACUCHO,2024-11-01,1212
AYACUCHO,2024-12-01,1264
AYACUCHO,2025-01-01,1265
AYACUCHO,2025-02-01,1174
AYACUCHO,2025-03-01,1292
AYACUCHO,2025-04-01,1379
AYACUCHO,2025-05-01,1127
AYACUCHO,2025-06-01,1115
AYACUCHO,2025-07-01,1068
AYACUCHO,2025-08-01,960
CAJAMARCA,2019-01-01,1553
CAJAMARCA,2019-02-01,1419
CAJAMARCA,2019-03-01,1621
CAJAMARCA,2019-04-01,1515
CAJAMARCA,2019-05-01,1625
CAJAMARCA,2019-06-01,1475
CAJAMARCA,2019-07-01,1607
CAJAMARCA,2019-08-01,1566
CAJAMARCA,2019-09-01,1572
CAJAMARCA,2019-10-01,1718
CAJAMARCA,2019-11-01,1748
CAJAMARCA,2019-12-01,1688
CAJAMARCA,2020-01-01,1792
CAJAMARCA,2020-02-01,1917
CAJAMARCA,2020-03-01,1308
CAJAMARCA,2020-04-01,627
CAJAMARCA,2020-05-01,1034
CAJAMARCA,2020-06-01,1248
CAJAMARCA,2020-07-01,1279
CAJAMARCA,2020-08-01,1466
CAJAMARCA,2020-09-01,1611
CAJAMARCA,2020-10-01,1677
CAJAMARCA,2020-11-01,1816
CAJAMARCA,2020-12-01,1783
CAJAMARCA,2021-01-01,1869
CAJAMARCA,2021-02-01,1669
CAJAMARCA,2021-03-01,1685
CAJAMARCA,2021-04-01,1524
CAJAMARCA,2021-05-01,1646
CAJAMARCA,2021-06-01,1594
CAJAMARCA,2021-07-01,1835
CAJAMARCA,2021-08-01,1821
CAJAMARCA,2021-09-01,1677
CAJAMARCA,2021-10-01,1827
CAJAMARCA,2021-11-01,1746
CAJAMARCA,2021-12-01,1746
CAJAMARCA,2022-01-01,1793
CAJAMARCA,2022-02-01,1567
CAJAMARCA,2022-03-01,1881
CAJAMARCA,2022-04-01,1865
CAJAMARCA,2022-05-01,1906
CAJAMARCA,2022-06-01,1843
CAJAMARCA,2022-07-01,2060
CAJAMARCA,2022-08-01,1951
CAJAMARCA,2022-09-01,1857
CAJAMARCA,2022-10-01,1974
CAJAMARCA,2022-11-01,1923
CAJAMARCA,2022-12-01,1891
CAJAMARCA,2023-01-01,2113
CAJAMARCA,2023-02-01,2234
CAJAMARCA,2023-03-01,2183
CAJAMARCA,2023-04-01,2210
CAJAMARCA,2023-05-01,2224
CAJAMARCA,2023-06-01,2143
CAJAMARCA,2023-07-01,2204
CAJAMARCA,2023-08-01,2075
CAJAMARCA,2023-09-01,2043
CAJAMARCA,2023-10-01,2035
CAJAMARCA,2023-11-01,2011
CAJAMARCA,2023-12-01,2065
CAJAMARCA,2024-01-01,2169
CAJAMARCA,2024-02-01,2597
CAJAMARCA,2024-03-01,2292
CAJAMARCA,2024-04-01,2055
CAJAMARCA,2024-05-01,2218
CAJAMARCA,2024-06-01,2147
CAJAMARCA,2024-07-01,2109
CAJAMARCA,2024-08-01,2061
CAJAMARCA,2024-09-01,2084
CAJAMARCA,2024-10-01,2128
CAJAMARCA,2024-11-01,1958
CAJAMARCA,2024-12-01,1829
CAJAMARCA,2025-01-01,1900
CAJAMARCA,2025-02-01,1824
CAJAMARCA,2025-03-01,2064
CAJAMARCA,2025-04-01,1812
CAJAMARCA,2025-05-01,1726
CAJAMARCA,2025-06-01,1636
CAJAMARCA,2025-07-01,1578
CAJAMARCA,2025-08-01,1394
CUSCO,2019-01-01,3109
CUSCO,2019-02-01,2718
CUSCO,2019-03-01,3311
CUSCO,2019-04-01,2971
CUSCO,2019-05-01,3224
CUSCO,2019-06-01,2976
CUSCO,2019-07-01,3035
CUSCO,2019-08-01,2969
CUSCO,2019-09-01,3020
CUSCO,2019-10-01,3012
CUSCO,2019-11-01,2958
CUSCO,2019-12-01,3110
CUSCO,2020-01-01,3462
CUSCO,2020-02-01,3149
CUSCO,2020-03-01,2219
CUSCO,2020-04-01,905
CUSCO,2020-05-01,1406
CUSCO,2020-06-01,1978
CUSCO,2020-07-01,2505
CUSCO,2020-08-01,2137
CUSCO,2020-09-01,2364
CUSCO,2020-10-01,2806
CUSCO,2020-11-01,2855
CUSCO,2020-12-01,2673
CUSCO,2021-01-01,2742
CUSCO,2021-02-01,2288
CUSCO,2021-03-01,2670
CUSCO,2021-04-01,2560
CUSCO,2021-05-01,2662
CUSCO,2021-06-01,2643
CUSCO,2021-07-01,2855
CUSCO,2021-08-01,2855
CUSCO,2021-09-01,2824
CUSCO,2021-10-01,2923
CUSCO,2021-11-01,2767
CUSCO,2021-12-01,2793
CUSCO,2022-01-01,2597
CUSCO,2022-02-01,2690
CUSCO,2022-03-01,3091
CUSCO,2022-04-01,2905
CUSCO,2022-05-01,3062
CUSCO,2022-06-01,2832
CUSCO,2022-07-01,3057
CUSCO,2022-08-01,2919
CUSCO,2022-09-01,3089
CUSCO,2022-10-01,3162
CUSCO,2022-11-01,2950
CUSCO,2022-12-01,2748
CUSCO,2023-01-01,2858
CUSCO,2023-02-01,2993
CUSCO,2023-03-01,3256
CUSCO,2023-04-01,3111
CUSCO,2023-05-01,3341
CUSCO,2023-06-01,3288
CUSCO,2023-07-01,3393
CUSCO,2023-08-01,3492
CUSCO,2023-09-01,3409
CUSCO,2023-10-01,3914
CUSCO,2023-11-01,3703
CUSCO,2023-12-01,3332
CUSCO,2024-01-01,3463
CUSCO,2024-02-01,3264
CUSCO,2024-03-01,3649
CUSCO,2024-04-01,3434
CUSCO,2024-05-01,3294
CUSCO,2024-06-01,3513
CUSCO,2024-07-01,3340
CUSCO,2024-08-01,3466
CUSCO,2024-09-01,3285
CUSCO,2024-10-01,3214
CUSCO,2024-11-01,2929
CUSCO,2024-12-01,2993
CUSCO,2025-01-01,3008
CUSCO,2025-02-01,2856
CUSCO,2025-03-01,3069
CUSCO,2025-04-01,2968
CUSCO,2025-05-01,2901
CUSCO,2025-06-01,2877
CUSCO,2025-07-01,2849
CUSCO,2025-08-01,2587
HUANCAVELICA,2019-01-01,214
HUANCAVELICA,2019-02-01,164
HUANCAVELICA,2019-03-01,214
HUANCAVELICA,2019-04-01,208
HUANCAVELICA,2019-05-01,239
HUANCAVELICA,2019-06-01,240
HUANCAVELICA,2019-07-01,217
HUANCAVELICA,2019-08-01,197
HUANCAVELICA,2019-09-01,214
HUANCAVELICA,2019-10-01,190
HUANCAVELICA,2019-11-01,239
HUANCAVELICA,2019-12-01,238
HUANCAVELICA,2020-01-01,290
HUANCAVELICA,2020-02-01,257
HUANCAVELICA,2020-03-01,218
HUANCAVELICA,2020-04-01,118
HUANCAVELICA,2020-05-01,168
HUANCAVELICA,2020-06-01,257
HUANCAVELICA,2020-07-01,242
HUANCAVELICA,2020-08-01,195
HUANCAVELICA,2020-09-01,274
HUANCAVELICA,2020-10-01,345
HUANCAVELICA,2020-11-01,335
HUANCAVELICA,2020-12-01,359
HUANCAVELICA,2021-01-01,302
HUANCAVELICA,2021-02-01,261
HUANCAVELICA,2021-03-01,314
HUANCAVELICA,2021-04-01,305
HUANCAVELICA,2021-05-01,381
HUANCAVELICA,2021-06-01,423
HUANCAVELICA,2021-07-01,456
HUANCAVELICA,2021-08-01,436
HUANCAVELICA,2021-09-01,447
HUANCAVELICA,2021-10-01,431
HUANCAVELICA,2021-11-01,376
HUANCAVELICA,2021-12-01,406
HUANCAVELICA,2022-01-01,375
HUANCAVELICA,2022-02-01,316
HUANCAVELICA,2022-03-01,424
HUANCAVELICA,2022-04-01,381
HUANCAVELICA,2022-05-01,411
HUANCAVELICA,2022-06-01,333
HUANCAVELICA,2022-07-01,427
HUANCAVELICA,2022-08-01,380
HUANCAVELICA,2022-09-01,339
HUANCAVELICA,2022-10-01,385
HUANCAVELICA,2022-11-01,367
HUANCAVELICA,2022-12-01,354
HUANCAVELICA,2023-01-01,352
HUANCAVELICA,2023-02-01,330
HUANCAVELICA,2023-03-01,354
HUANCAVELICA,2023-04-01,354
HUANCAVELICA,2023-05-01,387
HUANCAVELICA,2023-06-01,345
HUANCAVELICA,2023-07-01,388
HUANCAVELICA,2023-08-01,365
HUANCAVELICA,2023-09-01,384
HUANCAVELICA,2023-10-01,376
HUANCAVELICA,2023-11-01,379
HUANCAVELICA,2023-12-01,373
HUANCAVELICA,2024-01-01,368
HUANCAVELICA,2024-02-01,334
HUANCAVELICA,2024-03-01,316
HUANCAVELICA,2024-04-01,360
HUANCAVELICA,2024-05-01,353
HUANCAVELICA,2024-06-01,373
HUANCAVELICA,2024-07-01,384
HUANCAVELICA,2024-08-01,392
HUANCAVELICA,2024-09-01,346
HUANCAVELICA,2024-10-01,340
HUANCAVELICA,2024-11-01,362
HUANCAVELICA,2024-12-01,381
HUANCAVELICA,2025-01-01,349
HUANCAVELICA,2025-02-01,292
HUANCAVELICA,2025-03-01,299
HUANCAVELICA,2025-04-01,355
HUANCAVELICA,2025-05-01,296
HUANCAVELICA,2025-06-01,286
HUANCAVELICA,2025-07-01,285
HUANCAVELICA,2025-08-01,234
HUANUCO,2019-01-01,1048
HUANUCO,2019-02-01,903
HUANUCO,2019-03-01,1100
HUANUCO,2019-04-01,1101
HUANUCO,2019-05-01,1119
HUANUCO,2019-06-01,1131
HUANUCO,2019-07-01,1128
HUANUCO,2019-08-01,1210
HUANUCO,2019-09-01,1253
HUANUCO,2019-10-01,1261
HUANUCO,2019-11-01,1336
HUANUCO,2019-12-01,1336
HUANUCO,2020-01-01,1542
HUANUCO,2020-02-01,1524
HUANUCO,2020-03-01,1109
HUANUCO,2020-04-01,490
HUANUCO,2020-05-01,708
HUANUCO,2020-06-01,874
HUANUCO,2020-07-01,894
HUANUCO,2020-08-01,1034
HUANUCO,2020-09-01,1132
HUANUCO,2020-10-01,1373
HUANUCO,2020-11-01,1370
HUANUCO,2020-12-01,1329
HUANUCO,2021-01-01,1237
HUANUCO,2021-02-01,1027
HUANUCO,2021-03-01,1225
HUANUCO,2021-04-01,1300
HUANUCO,2021-05-01,1404
HUANUCO,2021-06-01,1326
HUANUCO,2021-07-01,1454
HUANUCO,2021-08-01,1562
HUANUCO,2021-09-01,1371
HUANUCO,2021-10-01,1513
HUANUCO,2021-11-01,1458
HUANUCO,2021-12-01,1521
HUANUCO,2022-01-01,1436
HUANUCO,2022-02-01,1376
HUANUCO,2022-03-01,1601
HUANUCO,2022-04-01,1513
HUANUCO,2022-05-01,1657
HUANUCO,2022-06-01,1634
HUANUCO,2022-07-01,1844
HUANUCO,2022-08-01,1674
HUANUCO,2022-09-01,1651
HUANUCO,2022-10-01,1676
HUANUCO,2022-11-01,1599
HUANUCO,2022-12-01,1540
HUANUCO,2023-01-01,1585
HUANUCO,2023-02-01,1641
HUANUCO,2023-03-01,1745
HUANUCO,2023-04-01,1896
HUANUCO,2023-05-01,2008
HUANUCO,2023-06-01,1789
HUANUCO,2023-07-01,1937
HUANUCO,2023-08-01,1830
HUANUCO,2023-09-01,1725
HUANUCO,2023-10-01,1894
HUANUCO,2023-11-01,1723
HUANUCO,2023-12-01,1607
HUANUCO,2024-01-01,1718
HUANUCO,2024-02-01,1735
HUANUCO,2024-03-01,1765
HUANUCO,2024-04-01,1777
HUANUCO,2024-05-01,1731
HUANUCO,2024-06-01,1741
HUANUCO,2024-07-01,1864
HUANUCO,2024-08-01,1723
HUANUCO,2024-09-01,1795
HUANUCO,2024-10-01,1662
HUANUCO,2024-11-01,1527
HUANUCO,2024-12-01,1542
HUANUCO,2025-01-01,1570
HUANUCO,2025-02-01,1421
HUANUCO,2025-03-01,1640
HUANUCO,2025-04-01,1445
HUANUCO,2025-05-01,1374
HUANUCO,2025-06-01,1301
HUANUCO,2025-07-01,1286
HUANUCO,2025-08-01,1132
ICA,2019-01-01,2660
ICA,2019-02-01,2524
ICA,2019-03-01,2950
ICA,2019-04-01,2808
ICA,2019-05-01,2854
ICA,2019-06-01,2690
ICA,2019-07-01,2652
ICA,2019-08-01,2568
ICA,2019-09-01,2525
ICA,2019-10-01,2841
ICA,2019-11-01,2827
ICA,2019-12-01,2832
ICA,2020-01-01,3347
ICA,2020-02-01,3187
ICA,2020-03-01,2423
ICA,2020-04-01,1079
ICA,2020-05-01,1197
ICA,2020-06-01,1381
ICA,2020-07-01,1775
ICA,2020-08-01,2003
ICA,2020-09-01,2129
ICA,2020-10-01,2480
ICA,2020-11-01,2350
ICA,2020-12-01,2423
ICA,2021-01-01,2253
ICA,2021-02-01,1727
ICA,2021-03-01,2207
ICA,2021-04-01,2042
ICA,2021-05-01,2202
ICA,2021-06-01,2267
ICA,2021-07-01,2475
ICA,2021-08-01,2685
ICA,2021-09-01,2521
ICA,2021-10-01,2740
ICA,2021-11-01,2540
ICA,2021-12-01,2606
ICA,2022-01-01,2611
ICA,2022-02-01,2492
ICA,2022-03-01,2838
ICA,2022-04-01,2635
ICA,2022-05-01,2729
ICA,2022-06-01,2589
ICA,2022-07-01,2826
ICA,2022-08-01,2430
ICA,2022-09-01,2558
ICA,2022-10-01,2641
ICA,2022-11-01,2587
ICA,2022-12-01,2650
ICA,2023-01-01,2980
ICA,2023-02-01,2848
ICA,2023-03-01,3366
ICA,2023-04-01,3151
ICA,2023-05-01,3183
ICA,2023-06-01,3014
ICA,2023-07-01,3214
ICA,2023-08-01,2994
ICA,2023-09-01,2932
ICA,2023-10-01,3178
ICA,2023-11-01,2879
ICA,2023-12-01,2920
ICA,2024-01-01,2857
ICA,2024-02-01,2824
ICA,2024-03-01,2857
ICA,2024-04-01,2644
ICA,2024-05-01,2657
ICA,2024-06-01,2546
ICA,2024-07-01,2759
ICA,2024-08-01,2741
ICA,2024-09-01,2938
ICA,2024-10-01,2803
ICA,2024-11-01,2749
ICA,2024-12-01,2892
ICA,2025-01-01,3106
ICA,2025-02-01,2653
ICA,2025-03-01,3044
ICA,2025-04-01,2637
ICA,2025-05-01,2471
ICA,2025-06-01,2331
ICA,2025-07-01,2440
ICA,2025-08-01,2182
JUNIN,2019-01-01,2796
JUNIN,2019-02-01,2511
JUNIN,2019-03-01,2902
JUNIN,2019-04-01,2913
JUNIN,2019-05-01,2929
JUNIN,2019-06-01,2932
JUNIN,2019-07-01,2986
JUNIN,2019-08-01,3033
JUNIN,2019-09-01,3038
JUNIN,2019-10-01,3099
JUNIN,2019-11-01,3142
JUNIN,2019-12-01,3078
JUNIN,2020-01-01,3362
JUNIN,2020-02-01,3272
JUNIN,2020-03-01,2212
JUNIN,2020-04-01,1063
JUNIN,2020-05-01,1572
JUNIN,2020-06-01,1785
JUNIN,2020-07-01,1988
JUNIN,2020-08-01,2213
JUNIN,2020-09-01,2322
JUNIN,2020-10-01,2841
JUNIN,2020-11-01,2716
JUNIN,2020-12-01,2641
JUNIN,2021-01-01,2320
JUNIN,2021-02-01,2096
JUNIN,2021-03-01,2518
JUNIN,2021-04-01,2520
JUNIN,2021-05-01,2783
JUNIN,2021-06-01,2677
JUNIN,2021-07-01,2964
JUNIN,2021-08-01,3237
JUNIN,2021-09-01,3115
JUNIN,2021-10-01,3236
JUNIN,2021-11-01,3210
JUNIN,2021-12-01,3151
JUNIN,2022-01-01,2923
JUNIN,2022-02-01,2835
JUNIN,2022-03-01,3061
JUNIN,2022-04-01,3167
JUNIN,2022-05-01,3292
JUNIN,2022-06-01,2962
JUNIN,2022-07-01,3494
JUNIN,2022-08-01,3268
JUNIN,2022-09-01,3290
JUNIN,2022-10-01,3263
JUNIN,2022-11-01,3159
JUNIN,2022-12-01,3198
JUNIN,2023-01-01,3502
JUNIN,2023-02-01,3490
JUNIN,2023-03-01,3938
JUNIN,2023-04-01,4121
JUNIN,2023-05-01,4080
JUNIN,2023-06-01,3784
JUNIN,2023-07-01,4027
JUNIN,2023-08-01,4102
JUNIN,2023-09-01,3929
JUNIN,2023-10-01,4190
JUNIN,2023-11-01,3926
JUNIN,2023-12-01,4036
JUNIN,2024-01-01,3743
JUNIN,2024-02-01,3977
JUNIN,2024-03-01,4031
JUNIN,2024-04-01,3633
JUNIN,2024-05-01,3397
JUNIN,2024-06-01,3379
JUNIN,2024-07-01,3335
JUNIN,2024-08-01,3362
JUNIN,2024-09-01,3128
JUNIN,2024-10-01,3029
JUNIN,2024-11-01,2756
JUNIN,2024-12-01,2698
JUNIN,2025-01-01,2903
JUNIN,2025-02-01,2757
JUNIN,2025-03-01,2872
JUNIN,2025-04-01,2686
JUNIN,2025-05-01,2542
JUNIN,2025-06-01,2540
JUNIN,2025-07-01,2729
JUNIN,2025-08-01,2370
LA LIBERTAD,2019-01-01,3704
LA LIBERTAD,2019-02-01,3498
LA LIBERTAD,2019-03-01,3652
LA LIBERTAD,2019-04-01,3569
LA LIBERTAD,2019-05-01,3891
LA LIBERTAD,2019-06-01,3535
LA LIBERTAD,2019-07-01,3391
LA LIBERTAD,2019-08-01,3475
LA LIBERTAD,2019-09-01,3530
LA LIBERTAD,2019-10-01,3679
LA LIBERTAD,2019-11-01,3928
LA LIBERTAD,2019-12-01,3794
LA LIBERTAD,2020-01-01,4156
LA LIBERTAD,2020-02-01,4145
LA LIBERTAD,2020-03-01,2978
LA LIBERTAD,2020-04-01,1369
LA LIBERTAD,2020-05-01,2090
LA LIBERTAD,2020-06-01,1728
LA LIBERTAD,2020-07-01,1980
LA LIBERTAD,2020-08-01,2390
LA LIBERTAD,2020-09-01,2483
LA LIBERTAD,2020-10-01,2959
LA LIBERTAD,2020-11-01,2902
LA LIBERTAD,2020-12-01,2862
LA LIBERTAD,2021-01-01,2879
LA LIBERTAD,2021-02-01,2807
LA LIBERTAD,2021-03-01,3171
LA LIBERTAD,2021-04-01,2552
LA LIBERTAD,2021-05-01,3018
LA LIBERTAD,2021-06-01,2837
LA LIBERTAD,2021-07-01,3028
LA LIBERTAD,2021-08-01,3111
LA LIBERTAD,2021-09-01,2881
LA LIBERTAD,2021-10-01,3317
LA LIBERTAD,2021-11-01,3276
LA LIBERTAD,2021-12-01,3362
LA LIBERTAD,2022-01-01,3462
LA LIBERTAD,2022-02-01,3493
LA LIBERTAD,2022-03-01,4170
LA LIBERTAD,2022-04-01,3853
LA LIBERTAD,2022-05-01,3996
LA LIBERTAD,2022-06-01,3568
LA LIBERTAD,2022-07-01,3957
LA LIBERTAD,2022-08-01,4199
LA LIBERTAD,2022-09-01,4051
LA LIBERTAD,2022-10-01,4280
LA LIBERTAD,2022-11-01,4207
LA LIBERTAD,2022-12-01,4182
LA LIBERTAD,2023-01-01,4288
LA LIBERTAD,2023-02-01,4376
LA LIBERTAD,2023-03-01,4465
LA LIBERTAD,2023-04-01,4890
LA LIBERTAD,2023-05-01,4899
LA LIBERTAD,2023-06-01,4654
LA LIBERTAD,2023-07-01,4901
LA LIBERTAD,2023-08-01,4711
LA LIBERTAD,2023-09-01,4925
LA LIBERTAD,2023-10-01,5144
LA LIBERTAD,2023-11-01,4798
LA LIBERTAD,2023-12-01,4805
LA LIBERTAD,2024-01-01,5084
LA LIBERTAD,2024-02-01,5094
LA LIBERTAD,2024-03-01,5352
LA LIBERTAD,2024-04-01,4996
LA LIBERTAD,2024-05-01,5061
LA LIBERTAD,2024-06-01,4866
LA LIBERTAD,2024-07-01,4808
LA LIBERTAD,2024-08-01,4641
LA LIBERTAD,2024-09-01,4590
LA LIBERTAD,2024-10-01,4476
LA LIBERTAD,2024-11-01,4077
LA LIBERTAD,2024-12-01,4391
LA LIBERTAD,2025-01-01,4447
LA LIBERTAD,2025-02-01,4315
LA LIBERTAD,2025-03-01,4498
LA LIBERTAD,2025-04-01,4150
LA LIBERTAD,2025-05-01,4052
LA LIBERTAD,2025-06-01,3904
LA LIBERTAD,2025-07-01,3691
LA LIBERTAD,2025-08-01,3146
LAMBAYEQUE,2019-01-01,4173
LAMBAYEQUE,2019-02-01,3644
LAMBAYEQUE,2019-03-01,3866
LAMBAYEQUE,2019-04-01,3392
LAMBAYEQUE,2019-05-01,3451
LAMBAYEQUE,2019-06-01,3462
LAMBAYEQUE,2019-07-01,3294
LAMBAYEQUE,2019-08-01,3150
LAMBAYEQUE,2019-09-01,3394
LAMBAYEQUE,2019-10-01,3541
LAMBAYEQUE,2019-11-01,3768
LAMBAYEQUE,2019-12-01,4108
LAMBAYEQUE,2020-01-01,4482
LAMBAYEQUE,2020-02-01,3874
LAMBAYEQUE,2020-03-01,3177
LAMBAYEQUE,2020-04-01,1031
LAMBAYEQUE,2020-05-01,1345
LAMBAYEQUE,2020-06-01,1911
LAMBAYEQUE,2020-07-01,2486
LAMBAYEQUE,2020-08-01,2715
LAMBAYEQUE,2020-09-01,2662
LAMBAYEQUE,2020-10-01,2835
LAMBAYEQUE,2020-11-01,2822
LAMBAYEQUE,2020-12-01,3027
LAMBAYEQUE,2021-01-01,3099
LAMBAYEQUE,2021-02-01,3196
LAMBAYEQUE,2021-03-01,3550
LAMBAYEQUE,2021-04-01,2941
LAMBAYEQUE,2021-05-01,3256
LAMBAYEQUE,2021-06-01,3340
LAMBAYEQUE,2021-07-01,3587
LAMBAYEQUE,2021-08-01,3585
LAMBAYEQUE,2021-09-01,3344
LAMBAYEQUE,2021-10-01,3607
LAMBAYEQUE,2021-11-01,3553
LAMBAYEQUE,2021-12-01,3747
LAMBAYEQUE,2022-01-01,3732
LAMBAYEQUE,2022-02-01,3892
LAMBAYEQUE,2022-03-01,4257
LAMBAYEQUE,2022-04-01,3977
LAMBAYEQUE,2022-05-01,4344
LAMBAYEQUE,2022-06-01,4007
LAMBAYEQUE,2022-07-01,4387
LAMBAYEQUE,2022-08-01,4445
LAMBAYEQUE,2022-09-01,4678
LAMBAYEQUE,2022-10-01,4853
LAMBAYEQUE,2022-11-01,4615
LAMBAYEQUE,2022-12-01,4783
LAMBAYEQUE,2023-01-01,5056
LAMBAYEQUE,2023-02-01,4896
LAMBAYEQUE,2023-03-01,5149
LAMBAYEQUE,2023-04-01,5598
LAMBAYEQUE,2023-05-01,5555
LAMBAYEQUE,2023-06-01,5283
LAMBAYEQUE,2023-07-01,5667
LAMBAYEQUE,2023-08-01,5189
LAMBAYEQUE,2023-09-01,5023
LAMBAYEQUE,2023-10-01,5255
LAMBAYEQUE,2023-11-01,5073
LAMBAYEQUE,2023-12-01,5002
LAMBAYEQUE,2024-01-01,5165
LAMBAYEQUE,2024-02-01,5355
LAMBAYEQUE,2024-03-01,5698
LAMBAYEQUE,2024-04-01,5450
LAMBAYEQUE,2024-05-01,5552
LAMBAYEQUE,2024-06-01,5172
LAMBAYEQUE,2024-07-01,5214
LAMBAYEQUE,2024-08-01,5289
LAMBAYEQUE,2024-09-01,5242
LAMBAYEQUE,2024-10-01,4986
LAMBAYEQUE,2024-11-01,4908
LAMBAYEQUE,2024-12-01,4900
LAMBAYEQUE,2025-01-01,4862
LAMBAYEQUE,2025-02-01,5141
LAMBAYEQUE,2025-03-01,5717
LAMBAYEQUE,2025-04-01,5251
LAMBAYEQUE,2025-05-01,4926
LAMBAYEQUE,2025-06-01,5013
LAMBAYEQUE,2025-07-01,5129
LAMBAYEQUE,2025-08-01,4460
LIMA METROPOLITANA,2019-01-01,26400
LIMA METROPOLITANA,2019-02-01,25570
LIMA METROPOLITANA,2019-03-01,27172
LIMA METROPOLITANA,2019-04-01,24676
LIMA METROPOLITANA,2019-05-01,24365
LIMA METROPOLITANA,2019-06-01,24482
LIMA METROPOLITANA,2019-07-01,23533
LIMA METROPOLITANA,2019-08-01,23466
LIMA METROPOLITANA,2019-09-01,24067
LIMA METROPOLITANA,2019-10-01,25587
LIMA METROPOLITANA,2019-11-01,25730
LIMA METROPOLITANA,2019-12-01,26479
LIMA METROPOLITANA,2020-01-01,29269
LIMA METROPOLITANA,2020-02-01,28033
LIMA METROPOLITANA,2020-03-01,18498
LIMA METROPOLITANA,2020-04-01,5841
LIMA METROPOLITANA,2020-05-01,9025
LIMA METROPOLITANA,2020-06-01,12235
LIMA METROPOLITANA,2020-07-01,15458
LIMA METROPOLITANA,2020-08-01,16588
LIMA METROPOLITANA,2020-09-01,17178
LIMA METROPOLITANA,2020-10-01,18867
LIMA METROPOLITANA,2020-11-01,18885
LIMA METROPOLITANA,2020-12-01,19792
LIMA METROPOLITANA,2021-01-01,20193
LIMA METROPOLITANA,2021-02-01,16036
LIMA METROPOLITANA,2021-03-01,19541
LIMA METROPOLITANA,2021-04-01,18506
LIMA METROPOLITANA,2021-05-01,19826
LIMA METROPOLITANA,2021-06-01,19440
LIMA METROPOLITANA,2021-07-01,20560
LIMA METROPOLITANA,2021-08-01,21081
LIMA METROPOLITANA,2021-09-01,20736
LIMA METROPOLITANA,2021-10-01,22556
LIMA METROPOLITANA,2021-11-01,22049
LIMA METROPOLITANA,2021-12-01,22775
LIMA METROPOLITANA,2022-01-01,22837
LIMA METROPOLITANA,2022-02-01,23358
LIMA METROPOLITANA,2022-03-01,26384
LIMA METROPOLITANA,2022-04-01,23924
LIMA METROPOLITANA,2022-05-01,24484
LIMA METROPOLITANA,2022-06-01,22634
LIMA METROPOLITANA,2022-07-01,24300
LIMA METROPOLITANA,2022-08-01,24086
LIMA METROPOLITANA,2022-09-01,25013
LIMA METROPOLITANA,2022-10-01,25129
LIMA METROPOLITANA,2022-11-01,24338
LIMA METROPOLITANA,2022-12-01,27097
LIMA METROPOLITANA,2023-01-01,28351
LIMA METROPOLITANA,2023-02-01,28789
LIMA METROPOLITANA,2023-03-01,32037
LIMA METROPOLITANA,2023-04-01,32753
LIMA METROPOLITANA,2023-05-01,32213
LIMA METROPOLITANA,2023-06-01,31061
LIMA METROPOLITANA,2023-07-01,31512
LIMA METROPOLITANA,2023-08-01,30466
LIMA METROPOLITANA,2023-09-01,31317
LIMA METROPOLITANA,2023-10-01,32724
LIMA METROPOLITANA,2023-11-01,31749
LIMA METROPOLITANA,2023-12-01,32580
LIMA METROPOLITANA,2024-01-01,32852
LIMA METROPOLITANA,2024-02-01,33095
LIMA METROPOLITANA,2024-03-01,33644
LIMA METROPOLITANA,2024-04-01,30412
LIMA METROPOLITANA,2024-05-01,29374
LIMA METROPOLITANA,2024-06-01,29467
LIMA METROPOLITANA,2024-07-01,30702
LIMA METROPOLITANA,2024-08-01,30424
LIMA METROPOLITANA,2024-09-01,30009
LIMA METROPOLITANA,2024-10-01,29352
LIMA METROPOLITANA,2024-11-01,27212
LIMA METROPOLITANA,2024-12-01,28755
LIMA METROPOLITANA,2025-01-01,28633
LIMA METROPOLITANA,2025-02-01,27336
LIMA METROPOLITANA,2025-03-01,30093
LIMA METROPOLITANA,2025-04-01,27358
LIMA METROPOLITANA,2025-05-01,26371
LIMA METROPOLITANA,2025-06-01,25811
LIMA METROPOLITANA,2025-07-01,25444
LIMA METROPOLITANA,2025-08-01,23489
LORETO,2019-01-01,1251
LORETO,2019-02-01,1240
LORETO,2019-03-01,1290
LORETO,2019-04-01,1220
LORETO,2019-05-01,1178
LORETO,2019-06-01,1142
LORETO,2019-07-01,1104
LORETO,2019-08-01,986
LORETO,2019-09-01,1056
LORETO,2019-10-01,983
LORETO,2019-11-01,1031
LORETO,2019-12-01,1090
LORETO,2020-01-01,1152
LORETO,2020-02-01,1158
LORETO,2020-03-01,711
LORETO,2020-04-01,182
LORETO,2020-05-01,212
LORETO,2020-06-01,636
LORETO,2020-07-01,943
LORETO,2020-08-01,1001
LORETO,2020-09-01,1032
LORETO,2020-10-01,1030
LORETO,2020-11-01,996
LORETO,2020-12-01,955
LORETO,2021-01-01,1006
LORETO,2021-02-01,774
LORETO,2021-03-01,891
LORETO,2021-04-01,864
LORETO,2021-05-01,1022
LORETO,2021-06-01,921
LORETO,2021-07-01,998
LORETO,2021-08-01,1076
LORETO,2021-09-01,1063
LORETO,2021-10-01,1073
LORETO,2021-11-01,1132
LORETO,2021-12-01,1058
LORETO,2022-01-01,1163
LORETO,2022-02-01,1162
LORETO,2022-03-01,1156
LORETO,2022-04-01,1172
LORETO,2022-05-01,1341
LORETO,2022-06-01,1204
LORETO,2022-07-01,1270
LORETO,2022-08-01,1205
LORETO,2022-09-01,1154
LORETO,2022-10-01,1119
LORETO,2022-11-01,1070
LORETO,2022-12-01,1116
LORETO,2023-01-01,1070
LORETO,2023-02-01,1165
LORETO,2023-03-01,1322
LORETO,2023-04-01,1323
LORETO,2023-05-01,1431
LORETO,2023-06-01,1405
LORETO,2023-07-01,1370
LORETO,2023-08-01,1450
LORETO,2023-09-01,1366
LORETO,2023-10-01,1446
LORETO,2023-11-01,1419
LORETO,2023-12-01,1308
LORETO,2024-01-01,1190
LORETO,2024-02-01,1278
LORETO,2024-03-01,1376
LORETO,2024-04-01,1402
LORETO,2024-05-01,1364
LORETO,2024-06-01,1356
LORETO,2024-07-01,1354
LORETO,2024-08-01,1456
LORETO,2024-09-01,1280
LORETO,2024-10-01,1240
LORETO,2024-11-01,1197
LORETO,2024-12-01,1223
LORETO,2025-01-01,1224
LORETO,2025-02-01,1187
LORETO,2025-03-01,1271
LORETO,2025-04-01,1039
LORETO,2025-05-01,1176
LORETO,2025-06-01,1144
LORETO,2025-07-01,965
LORETO,2025-08-01,759
MADRE DE DIOS,2019-01-01,524
MADRE DE DIOS,2019-02-01,466
MADRE DE DIOS,2019-03-01,500
MADRE DE DIOS,2019-04-01,517
MADRE DE DIOS,2019-05-01,519
MADRE DE DIOS,2019-06-01,558
MADRE DE DIOS,2019-07-01,485
MADRE DE DIOS,2019-08-01,390
MADRE DE DIOS,2019-09-01,489
MADRE DE DIOS,2019-10-01,474
MADRE DE DIOS,2019-11-01,471
MADRE DE DIOS,2019-12-01,494
MADRE DE DIOS,2020-01-01,521
MADRE DE DIOS,2020-02-01,441
MADRE DE DIOS,2020-03-01,470
MADRE DE DIOS,2020-04-01,267
MADRE DE DIOS,2020-05-01,359
MADRE DE DIOS,2020-06-01,390
MADRE DE DIOS,2020-07-01,391
MADRE DE DIOS,2020-08-01,461
MADRE DE DIOS,2020-09-01,516
MADRE DE DIOS,2020-10-01,572
MADRE DE DIOS,2020-11-01,520
MADRE DE DIOS,2020-12-01,493
MADRE DE DIOS,2021-01-01,559
MADRE DE DIOS,2021-02-01,426
MADRE DE DIOS,2021-03-01,502
MADRE DE DIOS,2021-04-01,496
MADRE DE DIOS,2021-05-01,541
MADRE DE DIOS,2021-06-01,493
MADRE DE DIOS,2021-07-01,513
MADRE DE DIOS,2021-08-01,513
MADRE DE DIOS,2021-09-01,499
MADRE DE DIOS,2021-10-01,507
MADRE DE DIOS,2021-11-01,485
MADRE DE DIOS,2021-12-01,534
MADRE DE DIOS,2022-01-01,491
MADRE DE DIOS,2022-02-01,454
MADRE DE DIOS,2022-03-01,601
MADRE DE DIOS,2022-04-01,551
MADRE DE DIOS,2022-05-01,546
MADRE DE DIOS,2022-06-01,500
MADRE DE DIOS,2022-07-01,618
MADRE DE DIOS,2022-08-01,551
MADRE DE DIOS,2022-09-01,515
MADRE DE DIOS,2022-10-01,491
MADRE DE DIOS,2022-11-01,526
MADRE DE DIOS,2022-12-01,520
MADRE DE DIOS,2023-01-01,489
MADRE DE DIOS,2023-02-01,463
MADRE DE DIOS,2023-03-01,636
MADRE DE DIOS,2023-04-01,565
MADRE DE DIOS,2023-05-01,599
MADRE DE DIOS,2023-06-01,604
MADRE DE DIOS,2023-07-01,617
MADRE DE DIOS,2023-08-01,558
MADRE DE DIOS,2023-09-01,574
MADRE DE DIOS,2023-10-01,552
MADRE DE DIOS,2023-11-01,550
MADRE DE DIOS,2023-12-01,554
MADRE DE DIOS,2024-01-01,598
MADRE DE DIOS,2024-02-01,635
MADRE DE DIOS,2024-03-01,715
MADRE DE DIOS,2024-04-01,682
MADRE DE DIOS,2024-05-01,550
MADRE DE DIOS,2024-06-01,699
MADRE DE DIOS,2024-07-01,694
MADRE DE DIOS,2024-08-01,631
MADRE DE DIOS,2024-09-01,659
MADRE DE DIOS,2024-10-01,626
MADRE DE DIOS,2024-11-01,636
MADRE DE DIOS,2024-12-01,580
MADRE DE DIOS,2025-01-01,635
MADRE DE DIOS,2025-02-01,641
MADRE DE DIOS,2025-03-01,697
MADRE DE DIOS,2025-04-01,587
MADRE DE DIOS,2025-05-01,610
MADRE DE DIOS,2025-06-01,511
MADRE DE DIOS,2025-07-01,510
MADRE DE DIOS,2025-08-01,315
MOQUEGUA,2019-01-01,528
MOQUEGUA,2019-02-01,481
MOQUEGUA,2019-03-01,486
MOQUEGUA,2019-04-01,407
MOQUEGUA,2019-05-01,516
MOQUEGUA,2019-06-01,519
MOQUEGUA,2019-07-01,513
MOQUEGUA,2019-08-01,463
MOQUEGUA,2019-09-01,500
MOQUEGUA,2019-10-01,513
MOQUEGUA,2019-11-01,503
MOQUEGUA,2019-12-01,517
MOQUEGUA,2020-01-01,604
MOQUEGUA,2020-02-01,562
MOQUEGUA,2020-03-01,421
MOQUEGUA,2020-04-01,171
MOQUEGUA,2020-05-01,230
MOQUEGUA,2020-06-01,269
MOQUEGUA,2020-07-01,281
MOQUEGUA,2020-08-01,284
MOQUEGUA,2020-09-01,326
MOQUEGUA,2020-10-01,440
MOQUEGUA,2020-11-01,458
MOQUEGUA,2020-12-01,419
MOQUEGUA,2021-01-01,449
MOQUEGUA,2021-02-01,395
MOQUEGUA,2021-03-01,448
MOQUEGUA,2021-04-01,492
MOQUEGUA,2021-05-01,578
MOQUEGUA,2021-06-01,528
MOQUEGUA,2021-07-01,537
MOQUEGUA,2021-08-01,614
MOQUEGUA,2021-09-01,619
MOQUEGUA,2021-10-01,615
MOQUEGUA,2021-11-01,516
MOQUEGUA,2021-12-01,581
MOQUEGUA,2022-01-01,522
MOQUEGUA,2022-02-01,554
MOQUEGUA,2022-03-01,694
MOQUEGUA,2022-04-01,609
MOQUEGUA,2022-05-01,675
MOQUEGUA,2022-06-01,485
MOQUEGUA,2022-07-01,561
MOQUEGUA,2022-08-01,516
MOQUEGUA,2022-09-01,573
MOQUEGUA,2022-10-01,598
MOQUEGUA,2022-11-01,592
MOQUEGUA,2022-12-01,602
MOQUEGUA,2023-01-01,562
MOQUEGUA,2023-02-01,573
MOQUEGUA,2023-03-01,621
MOQUEGUA,2023-04-01,602
MOQUEGUA,2023-05-01,699
MOQUEGUA,2023-06-01,674
MOQUEGUA,2023-07-01,671
MOQUEGUA,2023-08-01,599
MOQUEGUA,2023-09-01,640
MOQUEGUA,2023-10-01,673
MOQUEGUA,2023-11-01,663
MOQUEGUA,2023-12-01,675
MOQUEGUA,2024-01-01,624
MOQUEGUA,2024-02-01,614
MOQUEGUA,2024-03-01,742
MOQUEGUA,2024-04-01,628
MOQUEGUA,2024-05-01,578
MOQUEGUA,2024-06-01,647
MOQUEGUA,2024-07-01,654
MOQUEGUA,2024-08-01,593
MOQUEGUA,2024-09-01,644
MOQUEGUA,2024-10-01,505
MOQUEGUA,2024-11-01,542
MOQUEGUA,2024-12-01,502
MOQUEGUA,2025-01-01,578
MOQUEGUA,2025-02-01,549
MOQUEGUA,2025-03-01,556
MOQUEGUA,2025-04-01,514
MOQUEGUA,2025-05-01,456
MOQUEGUA,2025-06-01,472
MOQUEGUA,2025-07-01,437
MOQUEGUA,2025-08-01,409
PASCO,2019-01-01,410
PASCO,2019-02-01,322
PASCO,2019-03-01,406
PASCO,2019-04-01,388
PASCO,2019-05-01,409
PASCO,2019-06-01,437
PASCO,2019-07-01,397
PASCO,2019-08-01,399
PASCO,2019-09-01,373
PASCO,2019-10-01,364
PASCO,2019-11-01,395
PASCO,2019-12-01,379
PASCO,2020-01-01,428
PASCO,2020-02-01,420
PASCO,2020-03-01,424
PASCO,2020-04-01,233
PASCO,2020-05-01,282
PASCO,2020-06-01,295
PASCO,2020-07-01,310
PASCO,2020-08-01,293
PASCO,2020-09-01,375
PASCO,2020-10-01,430
PASCO,2020-11-01,409
PASCO,2020-12-01,392
PASCO,2021-01-01,346
PASCO,2021-02-01,293
PASCO,2021-03-01,354
PASCO,2021-04-01,342
PASCO,2021-05-01,441
PASCO,2021-06-01,412
PASCO,2021-07-01,391
PASCO,2021-08-01,472
PASCO,2021-09-01,385
PASCO,2021-10-01,447
PASCO,2021-11-01,380
PASCO,2021-12-01,407
PASCO,2022-01-01,377
PASCO,2022-02-01,355
PASCO,2022-03-01,427
PASCO,2022-04-01,445
PASCO,2022-05-01,452
PASCO,2022-06-01,423
PASCO,2022-07-01,441
PASCO,2022-08-01,433
PASCO,2022-09-01,470
PASCO,2022-10-01,463
PASCO,2022-11-01,404
PASCO,2022-12-01,387
PASCO,2023-01-01,378
PASCO,2023-02-01,418
PASCO,2023-03-01,471
PASCO,2023-04-01,421
PASCO,2023-05-01,452
PASCO,2023-06-01,443
PASCO,2023-07-01,455
PASCO,2023-08-01,476
PASCO,2023-09-01,494
PASCO,2023-10-01,465
PASCO,2023-11-01,435
PASCO,2023-12-01,435
PASCO,2024-01-01,375
PASCO,2024-02-01,388
PASCO,2024-03-01,421
PASCO,2024-04-01,448
PASCO,2024-05-01,410
PASCO,2024-06-01,388
PASCO,2024-07-01,408
PASCO,2024-08-01,349
PASCO,2024-09-01,436
PASCO,2024-10-01,388
PASCO,2024-11-01,421
PASCO,2024-12-01,399
PASCO,2025-01-01,349
PASCO,2025-02-01,276
PASCO,2025-03-01,382
PASCO,2025-04-01,359
PASCO,2025-05-01,382
PASCO,2025-06-01,351
PASCO,2025-07-01,318
PASCO,2025-08-01,259
PIURA,2019-01-01,3739
PIURA,2019-02-01,3475
PIURA,2019-03-01,4034
PIURA,2019-04-01,3811
PIURA,2019-05-01,3914
PIURA,2019-06-01,3616
PIURA,2019-07-01,3578
PIURA,2019-08-01,3458
PIURA,2019-09-01,3571
PIURA,2019-10-01,3811
PIURA,2019-11-01,4021
PIURA,2019-12-01,4054
PIURA,2020-01-01,4680
PIURA,2020-02-01,4582
PIURA,2020-03-01,3106
PIURA,2020-04-01,1156
PIURA,2020-05-01,1336
PIURA,2020-06-01,1814
PIURA,2020-07-01,2509
PIURA,2020-08-01,2888
PIURA,2020-09-01,2970
PIURA,2020-10-01,3181
PIURA,2020-11-01,2853
PIURA,2020-12-01,2957
PIURA,2021-01-01,3108
PIURA,2021-02-01,3154
PIURA,2021-03-01,3364
PIURA,2021-04-01,2777
PIURA,2021-05-01,3091
PIURA,2021-06-01,3160
PIURA,2021-07-01,3315
PIURA,2021-08-01,3240
PIURA,2021-09-01,3313
PIURA,2021-10-01,3527
PIURA,2021-11-01,3386
PIURA,2021-12-01,3585
PIURA,2022-01-01,3705
PIURA,2022-02-01,3678
PIURA,2022-03-01,4178
PIURA,2022-04-01,4086
PIURA,2022-05-01,4289
PIURA,2022-06-01,3868
PIURA,2022-07-01,3841
PIURA,2022-08-01,3763
PIURA,2022-09-01,3812
PIURA,2022-10-01,3820
PIURA,2022-11-01,3656
PIURA,2022-12-01,3916
PIURA,2023-01-01,4273
PIURA,2023-02-01,4048
PIURA,2023-03-01,4204
PIURA,2023-04-01,4281
PIURA,2023-05-01,4441
PIURA,2023-06-01,3973
PIURA,2023-07-01,4646
PIURA,2023-08-01,4467
PIURA,2023-09-01,4602
PIURA,2023-10-01,4773
PIURA,2023-11-01,4596
PIURA,2023-12-01,4545
PIURA,2024-01-01,4654
PIURA,2024-02-01,4401
PIURA,2024-03-01,4866
PIURA,2024-04-01,4388
PIURA,2024-05-01,4281
PIURA,2024-06-01,4020
PIURA,2024-07-01,4210
PIURA,2024-08-01,4055
PIURA,2024-09-01,4090
PIURA,2024-10-01,3595
PIURA,2024-11-01,3382
PIURA,2024-12-01,3726
PIURA,2025-01-01,3553
PIURA,2025-02-01,3397
PIURA,2025-03-01,3703
PIURA,2025-04-01,3458
PIURA,2025-05-01,3395
PIURA,2025-06-01,3137
PIURA,2025-07-01,3127
PIURA,2025-08-01,2744
PROV. CONST. DEL CALLAO,2019-01-01,3595
PROV. CONST. DEL CALLAO,2019-02-01,3285
PROV. CONST. DEL CALLAO,2019-03-01,3170
PROV. CONST. DEL CALLAO,2019-04-01,2842
PROV. CONST. DEL CALLAO,2019-05-01,2747
PROV. CONST. DEL CALLAO,2019-06-01,2598
PROV. CONST. DEL CALLAO,2019-07-01,2540
PROV. CONST. DEL CALLAO,2019-08-01,2605
PROV. CONST. DEL CALLAO,2019-09-01,2803
PROV. CONST. DEL CALLAO,2019-10-01,2923
PROV. CONST. DEL CALLAO,2019-11-01,2964
PROV. CONST. DEL CALLAO,2019-12-01,2871
PROV. CONST. DEL CALLAO,2020-01-01,3301
PROV. CONST. DEL CALLAO,2020-02-01,3322
PROV. CONST. DEL CALLAO,2020-03-01,2271
PROV. CONST. DEL CALLAO,2020-04-01,696
PROV. CONST. DEL CALLAO,2020-05-01,1044
PROV. CONST. DEL CALLAO,2020-06-01,1317
PROV. CONST. DEL CALLAO,2020-07-01,1950
PROV. CONST. DEL CALLAO,2020-08-01,2082
PROV. CONST. DEL CALLAO,2020-09-01,2351
PROV. CONST. DEL CALLAO,2020-10-01,2438
PROV. CONST. DEL CALLAO,2020-11-01,2232
PROV. CONST. DEL CALLAO,2020-12-01,2404
PROV. CONST. DEL CALLAO,2021-01-01,2246
PROV. CONST. DEL CALLAO,2021-02-01,1975
PROV. CONST. DEL CALLAO,2021-03-01,2312
PROV. CONST. DEL CALLAO,2021-04-01,2098
PROV. CONST. DEL CALLAO,2021-05-01,2369
PROV. CONST. DEL CALLAO,2021-06-01,2381
PROV. CONST. DEL CALLAO,2021-07-01,2501
PROV. CONST. DEL CALLAO,2021-08-01,2500
PROV. CONST. DEL CALLAO,2021-09-01,2511
PROV. CONST. DEL CALLAO,2021-10-01,2524
PROV. CONST. DEL CALLAO,2021-11-01,2408
PROV. CONST. DEL CALLAO,2021-12-01,2450
PROV. CONST. DEL CALLAO,2022-01-01,2576
PROV. CONST. DEL CALLAO,2022-02-01,2810
PROV. CONST. DEL CALLAO,2022-03-01,3379
PROV. CONST. DEL CALLAO,2022-04-01,2684
PROV. CONST. DEL CALLAO,2022-05-01,2633
PROV. CONST. DEL CALLAO,2022-06-01,2410
PROV. CONST. DEL CALLAO,2022-07-01,2680
PROV. CONST. DEL CALLAO,2022-08-01,2807
PROV. CONST. DEL CALLAO,2022-09-01,2840
PROV. CONST. DEL CALLAO,2022-10-01,2700
PROV. CONST. DEL CALLAO,2022-11-01,2510
PROV. CONST. DEL CALLAO,2022-12-01,2401
PROV. CONST. DEL CALLAO,2023-01-01,2779
PROV. CONST. DEL CALLAO,2023-02-01,2857
PROV. CONST. DEL CALLAO,2023-03-01,3315
PROV. CONST. DEL CALLAO,2023-04-01,3242
PROV. CONST. DEL CALLAO,2023-05-01,3316
PROV. CONST. DEL CALLAO,2023-06-01,3128
PROV. CONST. DEL CALLAO,2023-07-01,3327
PROV. CONST. DEL CALLAO,2023-08-01,3179
PROV. CONST. DEL CALLAO,2023-09-01,3277
PROV. CONST. DEL CALLAO,2023-10-01,3171
PROV. CONST. DEL CALLAO,2023-11-01,2997
PROV. CONST. DEL CALLAO,2023-12-01,2966
PROV. CONST. DEL CALLAO,2024-01-01,3215
PROV. CONST. DEL CALLAO,2024-02-01,3384
PROV. CONST. DEL CALLAO,2024-03-01,3487
PROV. CONST. DEL CALLAO,2024-04-01,2987
PROV. CONST. DEL CALLAO,2024-05-01,2668
PROV. CONST. DEL CALLAO,2024-06-01,2739
PROV. CONST. DEL CALLAO,2024-07-01,2892
PROV. CONST. DEL CALLAO,2024-08-01,2910
PROV. CONST. DEL CALLAO,2024-09-01,2649
PROV. CONST. DEL CALLAO,2024-10-01,2623
PROV. CONST. DEL CALLAO,2024-11-01,2393
PROV. CONST. DEL CALLAO,2024-12-01,2529
PROV. CONST. DEL CALLAO,2025-01-01,2639
PROV. CONST. DEL CALLAO,2025-02-01,2419
PROV. CONST. DEL CALLAO,2025-03-01,2876
PROV. CONST. DEL CALLAO,2025-04-01,2693
PROV. CONST. DEL CALLAO,2025-05-01,2582
PROV. CONST. DEL CALLAO,2025-06-01,2400
PROV. CONST. DEL CALLAO,2025-07-01,2340
PROV. CONST. DEL CALLAO,2025-08-01,2004
PUNO,2019-01-01,1147
PUNO,2019-02-01,1071
PUNO,2019-03-01,1326
PUNO,2019-04-01,1163
PUNO,2019-05-01,1399
PUNO,2019-06-01,1284
PUNO,2019-07-01,1372
PUNO,2019-08-01,1393
PUNO,2019-09-01,1339
PUNO,2019-10-01,1492
PUNO,2019-11-01,1533
PUNO,2019-12-01,1580
PUNO,2020-01-01,1638
PUNO,2020-02-01,1533
PUNO,2020-03-01,1069
PUNO,2020-04-01,461
PUNO,2020-05-01,701
PUNO,2020-06-01,968
PUNO,2020-07-01,1014
PUNO,2020-08-01,855
PUNO,2020-09-01,1013
PUNO,2020-10-01,1273
PUNO,2020-11-01,1471
PUNO,2020-12-01,1348
PUNO,2021-01-01,1405
PUNO,2021-02-01,1181
PUNO,2021-03-01,1295
PUNO,2021-04-01,1339
PUNO,2021-05-01,1414
PUNO,2021-06-01,1257
PUNO,2021-07-01,1444
PUNO,2021-08-01,1493
PUNO,2021-09-01,1462
PUNO,2021-10-01,1586
PUNO,2021-11-01,1510
PUNO,2021-12-01,1416
PUNO,2022-01-01,1375
PUNO,2022-02-01,1356
PUNO,2022-03-01,1623
PUNO,2022-04-01,1385
PUNO,2022-05-01,1562
PUNO,2022-06-01,1466
PUNO,2022-07-01,1509
PUNO,2022-08-01,1359
PUNO,2022-09-01,1379
PUNO,2022-10-01,1461
PUNO,2022-11-01,1451
PUNO,2022-12-01,1372
PUNO,2023-01-01,883
PUNO,2023-02-01,1120
PUNO,2023-03-01,1411
PUNO,2023-04-01,1660
PUNO,2023-05-01,1890
PUNO,2023-06-01,1582
PUNO,2023-07-01,1656
PUNO,2023-08-01,1528
PUNO,2023-09-01,1714
PUNO,2023-10-01,1836
PUNO,2023-11-01,1770
PUNO,2023-12-01,2096
PUNO,2024-01-01,1882
PUNO,2024-02-01,2077
PUNO,2024-03-01,1821
PUNO,2024-04-01,1637
PUNO,2024-05-01,1678
PUNO,2024-06-01,1648
PUNO,2024-07-01,1836
PUNO,2024-08-01,1974
PUNO,2024-09-01,1837
PUNO,2024-10-01,1705
PUNO,2024-11-01,1366
PUNO,2024-12-01,1501
PUNO,2025-01-01,1329
PUNO,2025-02-01,1281
PUNO,2025-03-01,1361
PUNO,2025-04-01,1274
PUNO,2025-05-01,1371
PUNO,2025-06-01,1170
PUNO,2025-07-01,1207
PUNO,2025-08-01,963
REGION LIMA,2019-01-01,2332
REGION LIMA,2019-02-01,2084
REGION LIMA,2019-03-01,2290
REGION LIMA,2019-04-01,2129
REGION LIMA,2019-05-01,2104
REGION LIMA,2019-06-01,1967
REGION LIMA,2019-07-01,1894
REGION LIMA,2019-08-01,1931
REGION LIMA,2019-09-01,1962
REGION LIMA,2019-10-01,2071
REGION LIMA,2019-11-01,2254
REGION LIMA,2019-12-01,2543
REGION LIMA,2020-01-01,2799
REGION LIMA,2020-02-01,2657
REGION LIMA,2020-03-01,2101
REGION LIMA,2020-04-01,837
REGION LIMA,2020-05-01,1035
REGION LIMA,2020-06-01,1185
REGION LIMA,2020-07-01,1370
REGION LIMA,2020-08-01,1521
REGION LIMA,2020-09-01,1691
REGION LIMA,2020-10-01,1903
REGION LIMA,2020-11-01,2029
REGION LIMA,2020-12-01,2009
REGION LIMA,2021-01-01,1919
REGION LIMA,2021-02-01,1613
REGION LIMA,2021-03-01,1900
REGION LIMA,2021-04-01,1612
REGION LIMA,2021-05-01,1929
REGION LIMA,2021-06-01,1953
REGION LIMA,2021-07-01,2145
REGION LIMA,2021-08-01,1927
REGION LIMA,2021-09-01,1952
REGION LIMA,2021-10-01,2052
REGION LIMA,2021-11-01,1988
REGION LIMA,2021-12-01,2010
REGION LIMA,2022-01-01,1996
REGION LIMA,2022-02-01,2073
REGION LIMA,2022-03-01,2146
REGION LIMA,2022-04-01,2025
REGION LIMA,2022-05-01,2148
REGION LIMA,2022-06-01,2102
REGION LIMA,2022-07-01,2250
REGION LIMA,2022-08-01,2046
REGION LIMA,2022-09-01,2044
REGION LIMA,2022-10-01,2037
REGION LIMA,2022-11-01,2083
REGION LIMA,2022-12-01,2229
REGION LIMA,2023-01-01,2369
REGION LIMA,2023-02-01,2340
REGION LIMA,2023-03-01,2437
REGION LIMA,2023-04-01,2490
REGION LIMA,2023-05-01,2470
REGION LIMA,2023-06-01,2342
REGION LIMA,2023-07-01,2463
REGION LIMA,2023-08-01,2419
REGION LIMA,2023-09-01,2370
REGION LIMA,2023-10-01,2560
REGION LIMA,2023-11-01,2604
REGION LIMA,2023-12-01,2424
REGION LIMA,2024-01-01,2578
REGION LIMA,2024-02-01,2568
REGION LIMA,2024-03-01,2544
REGION LIMA,2024-04-01,2182
REGION LIMA,2024-05-01,2147
REGION LIMA,2024-06-01,2143
REGION LIMA,2024-07-01,2223
REGION LIMA,2024-08-01,2292
REGION LIMA,2024-09-01,2276
REGION LIMA,2024-10-01,2452
REGION LIMA,2024-11-01,2353
REGION LIMA,2024-12-01,2426
REGION LIMA,2025-01-01,2623
REGION LIMA,2025-02-01,2542
REGION LIMA,2025-03-01,2686
REGION LIMA,2025-04-01,2417
REGION LIMA,2025-05-01,2306
REGION LIMA,2025-06-01,2201
REGION LIMA,2025-07-01,2158
REGION LIMA,2025-08-01,2032
SAN MARTIN,2019-01-01,1145
SAN MARTIN,2019-02-01,1029
SAN MARTIN,2019-03-01,1272
SAN MARTIN,2019-04-01,1124
SAN MARTIN,2019-05-01,1239
SAN MARTIN,2019-06-01,1214
SAN MARTIN,2019-07-01,1205
SAN MARTIN,2019-08-01,1178
SAN MARTIN,2019-09-01,1275
SAN MARTIN,2019-10-01,1188
SAN MARTIN,2019-11-01,1196
SAN MARTIN,2019-12-01,1223
SAN MARTIN,2020-01-01,1260
SAN MARTIN,2020-02-01,1226
SAN MARTIN,2020-03-01,972
SAN MARTIN,2020-04-01,420
SAN MARTIN,2020-05-01,635
SAN MARTIN,2020-06-01,761
SAN MARTIN,2020-07-01,906
SAN MARTIN,2020-08-01,1110
SAN MARTIN,2020-09-01,1260
SAN MARTIN,2020-10-01,1370
SAN MARTIN,2020-11-01,1317
SAN MARTIN,2020-12-01,1306
SAN MARTIN,2021-01-01,1378
SAN MARTIN,2021-02-01,1172
SAN MARTIN,2021-03-01,1398
SAN MARTIN,2021-04-01,1201
SAN MARTIN,2021-05-01,1413
SAN MARTIN,2021-06-01,1304
SAN MARTIN,2021-07-01,1320
SAN MARTIN,2021-08-01,1491
SAN MARTIN,2021-09-01,1403
SAN MARTIN,2021-10-01,1491
SAN MARTIN,2021-11-01,1380
SAN MARTIN,2021-12-01,1366
SAN MARTIN,2022-01-01,1501
SAN MARTIN,2022-02-01,1426
SAN MARTIN,2022-03-01,1531
SAN MARTIN,2022-04-01,1487
SAN MARTIN,2022-05-01,1660
SAN MARTIN,2022-06-01,1551
SAN MARTIN,2022-07-01,1650
SAN MARTIN,2022-08-01,1471
SAN MARTIN,2022-09-01,1460
SAN MARTIN,2022-10-01,1617
SAN MARTIN,2022-11-01,1538
SAN MARTIN,2022-12-01,1482
SAN MARTIN,2023-01-01,1524
SAN MARTIN,2023-02-01,1394
SAN MARTIN,2023-03-01,1597
SAN MARTIN,2023-04-01,1598
SAN MARTIN,2023-05-01,1591
SAN MARTIN,2023-06-01,1670
SAN MARTIN,2023-07-01,1728
SAN MARTIN,2023-08-01,1759
SAN MARTIN,2023-09-01,1704
SAN MARTIN,2023-10-01,1711
SAN MARTIN,2023-11-01,1591
SAN MARTIN,2023-12-01,1534
SAN MARTIN,2024-01-01,1723
SAN MARTIN,2024-02-01,1675
SAN MARTIN,2024-03-01,1705
SAN MARTIN,2024-04-01,1751
SAN MARTIN,2024-05-01,1671
SAN MARTIN,2024-06-01,1723
SAN MARTIN,2024-07-01,1571
SAN MARTIN,2024-08-01,1671
SAN MARTIN,2024-09-01,1716
SAN MARTIN,2024-10-01,1665
SAN MARTIN,2024-11-01,1461
SAN MARTIN,2024-12-01,1526
SAN MARTIN,2025-01-01,1478
SAN MARTIN,2025-02-01,1277
SAN MARTIN,2025-03-01,1549
SAN MARTIN,2025-04-01,1483
SAN MARTIN,2025-05-01,1390
SAN MARTIN,2025-06-01,1498
SAN MARTIN,2025-07-01,1411
SAN MARTIN,2025-08-01,1344
TACNA,2019-01-01,1045
TACNA,2019-02-01,986
TACNA,2019-03-01,1053
TACNA,2019-04-01,1020
TACNA,2019-05-01,1026
TACNA,2019-06-01,985
TACNA,2019-07-01,915
TACNA,2019-08-01,1042
TACNA,2019-09-01,1026
TACNA,2019-10-01,981
TACNA,2019-11-01,1017
TACNA,2019-12-01,976
TACNA,2020-01-01,1067
TACNA,2020-02-01,1281
TACNA,2020-03-01,804
TACNA,2020-04-01,354
TACNA,2020-05-01,478
TACNA,2020-06-01,603
TACNA,2020-07-01,679
TACNA,2020-08-01,565
TACNA,2020-09-01,792
TACNA,2020-10-01,928
TACNA,2020-11-01,932
TACNA,2020-12-01,993
TACNA,2021-01-01,889
TACNA,2021-02-01,769
TACNA,2021-03-01,830
TACNA,2021-04-01,822
TACNA,2021-05-01,1032
TACNA,2021-06-01,843
TACNA,2021-07-01,957
TACNA,2021-08-01,924
TACNA,2021-09-01,888
TACNA,2021-10-01,980
TACNA,2021-11-01,898
TACNA,2021-12-01,987
TACNA,2022-01-01,905
TACNA,2022-02-01,994
TACNA,2022-03-01,1185
TACNA,2022-04-01,1055
TACNA,2022-05-01,1156
TACNA,2022-06-01,1037
TACNA,2022-07-01,1103
TACNA,2022-08-01,1026
TACNA,2022-09-01,1048
TACNA,2022-10-01,993
TACNA,2022-11-01,991
TACNA,2022-12-01,957
TACNA,2023-01-01,930
TACNA,2023-02-01,993
TACNA,2023-03-01,1193
TACNA,2023-04-01,1156
TACNA,2023-05-01,1152
TACNA,2023-06-01,1101
TACNA,2023-07-01,1063
TACNA,2023-08-01,1183
TACNA,2023-09-01,1115
TACNA,2023-10-01,1151
TACNA,2023-11-01,1101
TACNA,2023-12-01,1063
TACNA,2024-01-01,1146
TACNA,2024-02-01,1102
TACNA,2024-03-01,1134
TACNA,2024-04-01,975
TACNA,2024-05-01,1025
TACNA,2024-06-01,962
TACNA,2024-07-01,960
TACNA,2024-08-01,1069
TACNA,2024-09-01,879
TACNA,2024-10-01,961
TACNA,2024-11-01,950
TACNA,2024-12-01,951
TACNA,2025-01-01,864
TACNA,2025-02-01,859
TACNA,2025-03-01,981
TACNA,2025-04-01,858
TACNA,2025-05-01,837
TACNA,2025-06-01,830
TACNA,2025-07-01,773
TACNA,2025-08-01,682
TUMBES,2019-01-01,772
TUMBES,2019-02-01,826
TUMBES,2019-03-01,898
TUMBES,2019-04-01,745
TUMBES,2019-05-01,827
TUMBES,2019-06-01,711
TUMBES,2019-07-01,723
TUMBES,2019-08-01,792
TUMBES,2019-09-01,758
TUMBES,2019-10-01,810
TUMBES,2019-11-01,734
TUMBES,2019-12-01,788
TUMBES,2020-01-01,872
TUMBES,2020-02-01,837
TUMBES,2020-03-01,629
TUMBES,2020-04-01,231
TUMBES,2020-05-01,336
TUMBES,2020-06-01,362
TUMBES,2020-07-01,523
TUMBES,2020-08-01,627
TUMBES,2020-09-01,637
TUMBES,2020-10-01,646
TUMBES,2020-11-01,625
TUMBES,2020-12-01,641
TUMBES,2021-01-01,635
TUMBES,2021-02-01,618
TUMBES,2021-03-01,731
TUMBES,2021-04-01,577
TUMBES,2021-05-01,671
TUMBES,2021-06-01,609
TUMBES,2021-07-01,628
TUMBES,2021-08-01,690
TUMBES,2021-09-01,600
TUMBES,2021-10-01,716
TUMBES,2021-11-01,676
TUMBES,2021-12-01,680
TUMBES,2022-01-01,677
TUMBES,2022-02-01,695
TUMBES,2022-03-01,829
TUMBES,2022-04-01,745
TUMBES,2022-05-01,815
TUMBES,2022-06-01,710
TUMBES,2022-07-01,746
TUMBES,2022-08-01,659
TUMBES,2022-09-01,675
TUMBES,2022-10-01,645
TUMBES,2022-11-01,638
TUMBES,2022-12-01,620
TUMBES,2023-01-01,819
TUMBES,2023-02-01,762
TUMBES,2023-03-01,746
TUMBES,2023-04-01,734
TUMBES,2023-05-01,869
TUMBES,2023-06-01,783
TUMBES,2023-07-01,740
TUMBES,2023-08-01,722
TUMBES,2023-09-01,839
TUMBES,2023-10-01,717
TUMBES,2023-11-01,657
TUMBES,2023-12-01,596
TUMBES,2024-01-01,667
TUMBES,2024-02-01,650
TUMBES,2024-03-01,753
TUMBES,2024-04-01,673
TUMBES,2024-05-01,706
TUMBES,2024-06-01,635
TUMBES,2024-07-01,654
TUMBES,2024-08-01,641
TUMBES,2024-09-01,611
TUMBES,2024-10-01,653
TUMBES,2024-11-01,633
TUMBES,2024-12-01,679
TUMBES,2025-01-01,661
TUMBES,2025-02-01,641
TUMBES,2025-03-01,669
TUMBES,2025-04-01,667
TUMBES,2025-05-01,651
TUMBES,2025-06-01,595
TUMBES,2025-07-01,644
TUMBES,2025-08-01,587
UCAYALI,2019-01-01,1188
UCAYALI,2019-02-01,1001
UCAYALI,2019-03-01,1121
UCAYALI,2019-04-01,1185
UCAYALI,2019-05-01,1258
UCAYALI,2019-06-01,1250
UCAYALI,2019-07-01,1266
UCAYALI,2019-08-01,1221
UCAYALI,2019-09-01,1286
UCAYALI,2019-10-01,1205
UCAYALI,2019-11-01,1314
UCAYALI,2019-12-01,1209
UCAYALI,2020-01-01,1329
UCAYALI,2020-02-01,1209
UCAYALI,2020-03-01,879
UCAYALI,2020-04-01,289
UCAYALI,2020-05-01,464
UCAYALI,2020-06-01,715
UCAYALI,2020-07-01,836
UCAYALI,2020-08-01,918
UCAYALI,2020-09-01,928
UCAYALI,2020-10-01,933
UCAYALI,2020-11-01,984
UCAYALI,2020-12-01,909
UCAYALI,2021-01-01,1018
UCAYALI,2021-02-01,780
UCAYALI,2021-03-01,930
UCAYALI,2021-04-01,991
UCAYALI,2021-05-01,1118
UCAYALI,2021-06-01,1035
UCAYALI,2021-07-01,1159
UCAYALI,2021-08-01,1210
UCAYALI,2021-09-01,1130
UCAYALI,2021-10-01,1045
UCAYALI,2021-11-01,1030
UCAYALI,2021-12-01,1061
UCAYALI,2022-01-01,1023
UCAYALI,2022-02-01,915
UCAYALI,2022-03-01,1118
UCAYALI,2022-04-01,904
UCAYALI,2022-05-01,990
UCAYALI,2022-06-01,918
UCAYALI,2022-07-01,1159
UCAYALI,2022-08-01,976
UCAYALI,2022-09-01,942
UCAYALI,2022-10-01,954
UCAYALI,2022-11-01,938
UCAYALI,2022-12-01,982
UCAYALI,2023-01-01,1042
UCAYALI,2023-02-01,1002
UCAYALI,2023-03-01,1043
UCAYALI,2023-04-01,1150
UCAYALI,2023-05-01,1206
UCAYALI,2023-06-01,1201
UCAYALI,2023-07-01,1191
UCAYALI,2023-08-01,1213
UCAYALI,2023-09-01,1157
UCAYALI,2023-10-01,1065
UCAYALI,2023-11-01,993
UCAYALI,2023-12-01,980
UCAYALI,2024-01-01,1152
UCAYALI,2024-02-01,974
UCAYALI,2024-03-01,1168
UCAYALI,2024-04-01,1203
UCAYALI,2024-05-01,1074
UCAYALI,2024-06-01,1005
UCAYALI,2024-07-01,1159
UCAYALI,2024-08-01,1036
UCAYALI,2024-09-01,1171
UCAYALI,2024-10-01,985
UCAYALI,2024-11-01,789
UCAYALI,2024-12-01,774
UCAYALI,2025-01-01,879
UCAYALI,2025-02-01,724
UCAYALI,2025-03-01,773
UCAYALI,2025-04-01,700
UCAYALI,2025-05-01,637
UCAYALI,2025-06-01,638
UCAYALI,2025-07-01,594
UCAYALI,2025-08-01,497
