DEPARTAMENTO,period,MONTO_DEVENGADO
AMAZONAS,2019-01-01,48414.42
AMAZONAS,2019-02-01,175433.31
AMAZONAS,2019-03-01,194099.32
AMAZONAS,2019-04-01,313470.78
AMAZONAS,2019-05-01,256340.76
AMAZONAS,2019-06-01,414330.41
AMAZONAS,2019-07-01,263736.17
AMAZONAS,2019-08-01,279497.97000000003
AMAZONAS,2019-09-01,272330.88
AMAZONAS,2019-10-01,306909.25
AMAZONAS,2019-11-01,234940.54
AMAZONAS,2019-12-01,431017.66
AMAZONAS,2020-01-01,146877.81
AMAZONAS,2020-02-01,236063.91999999998
AMAZONAS,2020-03-01,287011.87
AMAZONAS,2020-04-01,192253.71000000002
AMAZONAS,2020-05-01,258877.33
AMAZONAS,2020-06-01,448145.46
AMAZONAS,2020-07-01,629682.16
AMAZONAS,2020-08-01,350363.23
AMAZONAS,2020-09-01,629583.29
AMAZONAS,2020-10-01,389986.78
AMAZONAS,2020-11-01,825107.12
AMAZONAS,2020-12-01,888968.11
AMAZONAS,2021-01-01,215525.44
AMAZONAS,2021-02-01,269524.3
AMAZONAS,2021-03-01,504202.68
AMAZONAS,2021-04-01,235185.74
AMAZONAS,2021-05-01,379927.79000000004
AMAZONAS,2021-06-01,332188.31
AMAZONAS,2021-07-01,378160.18
AMAZONAS,2021-08-01,382210.81
AMAZONAS,2021-09-01,384985.62
AMAZONAS,2021-10-01,351042.72
AMAZONAS,2021-11-01,296226.3
AMAZONAS,2021-12-01,630728.73
AMAZONAS,2022-01-01,155958.77
AMAZONAS,2022-02-01,358302.65
AMAZONAS,2022-03-01,503816.94999999995
AMAZONAS,2022-04-01,366361.16000000003
AMAZONAS,2022-05-01,487772.79
AMAZONAS,2022-06-01,389617.26
AMAZONAS,2022-07-01,481138.42
AMAZONAS,2022-08-01,347762.01
AMAZONAS,2022-09-01,293197.43
AMAZONAS,2022-10-01,368393.38
AMAZONAS,2022-11-01,298699.72
AMAZONAS,2022-12-01,409798.35
AMAZONAS,2023-01-01,107240.77
AMAZONAS,2023-02-01,327191.96
AMAZONAS,2023-03-01,282069.27
AMAZONAS,2023-04-01,289527.02
AMAZONAS,2023-05-01,435940.08
AMAZONAS,2023-06-01,355768.2
AMAZONAS,2023-07-01,495978.25
AMAZONAS,2023-08-01,402876.81
AMAZONAS,2023-09-01,293899.66
AMAZONAS,2023-10-01,710996.5
AMAZONAS,2023-11-01,319713.02
AMAZONAS,2023-12-01,992868.92
AMAZONAS,2024-01-01,228498.21
AMAZONAS,2024-02-01,1035516.38
AMAZONAS,2024-03-01,978295.9199999999
AMAZONAS,2024-04-01,930012.3300000001
AMAZONAS,2024-05-01,1111389.08
AMAZONAS,2024-06-01,842183.0299999999
AMAZONAS,2024-07-01,1158637.1
AMAZONAS,2024-08-01,449272.26
AMAZONAS,2024-09-01,432466.88
AMAZONAS,2024-10-01,494691.64
AMAZONAS,2024-11-01,464121.39
AMAZONAS,2025-01-01,1379856.2400000002
AMAZONAS,2025-02-01,944205.66
AMAZONAS,2025-03-01,1275283.8699999999
AMAZONAS,2025-04-01,485117.54
AMAZONAS,2025-05-01,549300.35
AMAZONAS,2025-06-01,393404.49
AMAZONAS,2025-07-01,635178.04
AMAZONAS,2025-08-01,418619.99
ANCASH,2019-01-01,331735.73
ANCASH,2019-02-01,1030721.55
ANCASH,2019-03-01,2375034.61
ANCASH,2019-04-01,6831617.84
ANCASH,2019-05-01,2416818.63
ANCASH,2019-06-01,2669224.2600000002
ANCASH,2019-07-01,3430850.84
ANCASH,2019-08-01,2483439.0
ANCASH,2019-09-01,2919248.48
ANCASH,2019-10-01,2527555.17
ANCASH,2019-11-01,2759187.56
ANCASH,2019-12-01,5211859.67
ANCASH,2020-01-01,861380.65
ANCASH,2020-02-01,3150454.52
ANCASH,2020-03-01,2896344.04
ANCASH,2020-04-01,1715267.59
ANCASH,2020-05-01,2394760.33
ANCASH,2020-06-01,3128872.58
ANCASH,2020-07-01,4718706.06
ANCASH,2020-08-01,3177960.06
ANCASH,2020-09-01,4118651.79
ANCASH,2020-10-01,3262508.55
ANCASH,2020-11-01,4002458.21
ANCASH,2020-12-01,7624730.7
ANCASH,2021-01-01,1814949.83
ANCASH,2021-02-01,3077430.8
ANCASH,2021-03-01,4325846.34
ANCASH,2021-04-01,3570081.29
ANCASH,2021-05-01,3087873.38
ANCASH,2021-06-01,2755473.84
ANCASH,2021-07-01,5513648.49
ANCASH,2021-08-01,3832221.95
ANCASH,2021-09-01,3537504.2600000002
ANCASH,2021-10-01,2658265.7800000003
ANCASH,2021-11-01,4143670.95
ANCASH,2021-12-01,7615040.66
ANCASH,2022-01-01,3413240.37
ANCASH,2022-02-01,2866371.91
ANCASH,2022-03-01,3604885.31
ANCASH,2022-04-01,3359520.54
ANCASH,2022-05-01,4772013.54
ANCASH,2022-06-01,3787635.87
ANCASH,2022-07-01,4423833.06
ANCASH,2022-08-01,4049312.09
ANCASH,2022-09-01,4246169.16
ANCASH,2022-10-01,5273267.93
ANCASH,2022-11-01,3394668.82
ANCASH,2022-12-01,5223046.51
ANCASH,2023-01-01,3063880.79
ANCASH,2023-02-01,3196182.89
ANCASH,2023-03-01,3547671.36
ANCASH,2023-04-01,3175452.63
ANCASH,2023-05-01,4578972.35
ANCASH,2023-06-01,3543660.43
ANCASH,2023-07-01,4216263.18
ANCASH,2023-08-01,5096037.79
ANCASH,2023-09-01,3933539.76
ANCASH,2023-10-01,3940599.53
ANCASH,2023-11-01,3953777.68
ANCASH,2023-12-01,7871120.48
ANCASH,2024-01-01,2872114.63
ANCASH,2024-02-01,3697916.7399999998
ANCASH,2024-03-01,3797546.59
ANCASH,2024-04-01,4375344.42
ANCASH,2024-05-01,5895920.25
ANCASH,2024-06-01,4325898.27
ANCASH,2024-07-01,6337177.6
ANCASH,2024-08-01,3400277.49
ANCASH,2024-09-01,4849783.36
ANCASH,2024-10-01,4070609.7
ANCASH,2024-11-01,5651858.58
ANCASH,2024-12-01,7607011.35
ANCASH,2025-01-01,5140268.66
ANCASH,2025-02-01,4738382.14
ANCASH,2025-03-01,6009829.33
ANCASH,2025-04-01,4439339.95
ANCASH,2025-05-01,5889910.38
ANCASH,2025-06-01,5119662.17
ANCASH,2025-07-01,6684047.92
ANCASH,2025-08-01,4183628.14
APURIMAC,2019-01-01,1940.0
APURIMAC,2019-02-01,243269.64
APURIMAC,2019-03-01,687504.53
APURIMAC,2019-04-01,796177.44
APURIMAC,2019-05-01,659451.51
APURIMAC,2019-06-01,698365.71
APURIMAC,2019-07-01,839672.73
APURIMAC,2019-08-01,1277585.0
APURIMAC,2019-09-01,984730.35
APURIMAC,2019-10-01,611371.63
APURIMAC,2019-11-01,735452.1699999999
APURIMAC,2019-12-01,1381189.71
APURIMAC,2020-01-01,145072.83000000002
APURIMAC,2020-02-01,395009.54000000004
APURIMAC,2020-03-01,596984.1699999999
APURIMAC,2020-04-01,610503.0
APURIMAC,2020-05-01,527495.52
APURIMAC,2020-06-01,627891.56
APURIMAC,2020-07-01,1207374.05
APURIMAC,2020-08-01,930075.35
APURIMAC,2020-09-01,2086411.9699999997
APURIMAC,2020-10-01,1181096.36
APURIMAC,2020-11-01,878696.38
APURIMAC,2020-12-01,2344906.6
APURIMAC,2021-01-01,40958.86
APURIMAC,2021-02-01,984856.7500000001
APURIMAC,2021-03-01,478649.79
APURIMAC,2021-04-01,414787.58
APURIMAC,2021-05-01,442755.45
APURIMAC,2021-06-01,583519.11
APURIMAC,2021-07-01,559229.88
APURIMAC,2021-08-01,829751.9500000001
APURIMAC,2021-09-01,1202988.31
APURIMAC,2021-10-01,461945.25
APURIMAC,2021-11-01,404534.76
APURIMAC,2021-12-01,1825088.25
APURIMAC,2022-01-01,122695.71999999999
APURIMAC,2022-02-01,426212.01
APURIMAC,2022-03-01,1073847.25
APURIMAC,2022-04-01,532615.24
APURIMAC,2022-05-01,665833.08
APURIMAC,2022-06-01,568998.38
APURIMAC,2022-07-01,701687.74
APURIMAC,2022-08-01,755630.8099999999
APURIMAC,2022-09-01,637858.79
APURIMAC,2022-10-01,533072.78
APURIMAC,2022-11-01,769684.6799999999
APURIMAC,2022-12-01,1527185.77
APURIMAC,2023-01-01,20227.19
APURIMAC,2023-02-01,521734.85
APURIMAC,2023-03-01,725256.61
APURIMAC,2023-04-01,677017.48
APURIMAC,2023-05-01,972976.35
APURIMAC,2023-06-01,892780.95
APURIMAC,2023-07-01,1797668.1
APURIMAC,2023-08-01,1033682.86
APURIMAC,2023-09-01,1186514.62
APURIMAC,2023-10-01,1036856.5800000001
APURIMAC,2023-11-01,991372.98
APURIMAC,2023-12-01,1939628.1199999999
APURIMAC,2024-01-01,172105.36
APURIMAC,2024-02-01,1118215.64
APURIMAC,2024-03-01,1097149.23
APURIMAC,2024-04-01,1091629.08
APURIMAC,2024-05-01,1163606.23
APURIMAC,2024-06-01,1026426.64
APURIMAC,2024-07-01,949096.85
APURIMAC,2024-08-01,1168590.3800000001
APURIMAC,2024-09-01,830251.86
APURIMAC,2024-10-01,924584.22
APURIMAC,2024-11-01,866545.89
APURIMAC,2024-12-01,2823088.34
APURIMAC,2025-01-01,577074.1
APURIMAC,2025-02-01,535092.76
APURIMAC,2025-03-01,896305.95
APURIMAC,2025-04-01,1157221.97
APURIMAC,2025-05-01,1745622.49
APURIMAC,2025-06-01,1323713.03
APURIMAC,2025-07-01,1521924.15
APURIMAC,2025-08-01,1547729.19
AREQUIPA,2019-01-01,1378121.19
AREQUIPA,2019-02-01,2450470.1
AREQUIPA,2019-03-01,3239159.15
AREQUIPA,2019-04-01,4418767.0200000005
AREQUIPA,2019-05-01,2934762.09
AREQUIPA,2019-06-01,2687754.08
AREQUIPA,2019-07-01,9383209.2
AREQUIPA,2019-08-01,2465049.37
AREQUIPA,2019-09-01,3223285.0
AREQUIPA,2019-10-01,3024801.39
AREQUIPA,2019-11-01,7399851.3100000005
AREQUIPA,2019-12-01,6385313.29
AREQUIPA,2020-01-01,2749308.28
AREQUIPA,2020-02-01,3218359.08
AREQUIPA,2020-03-01,2728088.2600000002
AREQUIPA,2020-04-01,1790965.17
AREQUIPA,2020-05-01,2547593.86
AREQUIPA,2020-06-01,2349490.54
AREQUIPA,2020-07-01,4667072.18
AREQUIPA,2020-08-01,3351892.59
AREQUIPA,2020-09-01,6416873.42
AREQUIPA,2020-10-01,4557129.4399999995
AREQUIPA,2020-11-01,3948580.95
AREQUIPA,2020-12-01,11072918.98
AREQUIPA,2021-01-01,2517345.58
AREQUIPA,2021-02-01,3108758.11
AREQUIPA,2021-03-01,4787836.32
AREQUIPA,2021-04-01,4454194.43
AREQUIPA,2021-05-01,3573839.96
AREQUIPA,2021-06-01,3809007.98
AREQUIPA,2021-07-01,5727038.93
AREQUIPA,2021-08-01,3773007.18
AREQUIPA,2021-09-01,6483624.03
AREQUIPA,2021-10-01,3663731.66
AREQUIPA,2021-11-01,4328336.66
AREQUIPA,2021-12-01,12207292.290000001
AREQUIPA,2022-01-01,2890716.94
AREQUIPA,2022-02-01,4423295.54
AREQUIPA,2022-03-01,4015702.56
AREQUIPA,2022-04-01,5812654.5
AREQUIPA,2022-05-01,9888093.01
AREQUIPA,2022-06-01,5700868.62
AREQUIPA,2022-07-01,8219286.2
AREQUIPA,2022-08-01,18399103.25
AREQUIPA,2022-09-01,4999005.85
AREQUIPA,2022-10-01,6077407.2
AREQUIPA,2022-11-01,7238133.37
AREQUIPA,2022-12-01,10037727.57
AREQUIPA,2023-01-01,2836119.05
AREQUIPA,2023-02-01,17468358.909999996
AREQUIPA,2023-03-01,14274455.99
AREQUIPA,2023-04-01,4119217.65
AREQUIPA,2023-05-01,14985641.21
AREQUIPA,2023-06-01,14269825.489999998
AREQUIPA,2023-07-01,22508378.24
AREQUIPA,2023-08-01,5822597.4
AREQUIPA,2023-09-01,4929763.06
AREQUIPA,2023-10-01,6939481.86
AREQUIPA,2023-11-01,1305421.7899999998
AREQUIPA,2023-12-01,26131705.92
AREQUIPA,2024-01-01,3738337.66
AREQUIPA,2024-02-01,5216523.899999999
AREQUIPA,2024-03-01,5827995.18
AREQUIPA,2024-04-01,6254994.600000001
AREQUIPA,2024-05-01,11433058.61
AREQUIPA,2024-06-01,6411063.1
AREQUIPA,2024-07-01,25678093.560000002
AREQUIPA,2024-08-01,15205414.030000001
AREQUIPA,2024-09-01,8054254.75
AREQUIPA,2024-10-01,10067557.96
AREQUIPA,2024-11-01,16491042.879999999
AREQUIPA,2024-12-01,24539111.16
AREQUIPA,2025-01-01,5071495.91
AREQUIPA,2025-02-01,7538446.89
AREQUIPA,2025-03-01,11364895.57
AREQUIPA,2025-04-01,6621461.850000001
AREQUIPA,2025-05-01,8322418.600000001
AREQUIPA,2025-06-01,9882249.36
AREQUIPA,2025-07-01,21614568.74
AREQUIPA,2025-08-01,15235958.69
AYACUCHO,2019-01-01,218809.85
AYACUCHO,2019-02-01,760315.69
AYACUCHO,2019-03-01,1252445.98
AYACUCHO,2019-04-01,1193715.15
AYACUCHO,2019-05-01,1712814.08
AYACUCHO,2019-06-01,1340588.27
AYACUCHO,2019-07-01,1238699.21
AYACUCHO,2019-08-01,1229240.63
AYACUCHO,2019-09-01,1650895.08
AYACUCHO,2019-10-01,1126282.91
AYACUCHO,2019-11-01,1245694.63
AYACUCHO,2019-12-01,1966891.06
AYACUCHO,2020-01-01,410063.62
AYACUCHO,2020-02-01,797231.72
AYACUCHO,2020-03-01,1199463.73
AYACUCHO,2020-04-01,449611.14
AYACUCHO,2020-05-01,1395512.84
AYACUCHO,2020-06-01,1136843.6300000001
AYACUCHO,2020-07-01,1483643.95
AYACUCHO,2020-08-01,2333793.44
AYACUCHO,2020-09-01,4646167.16
AYACUCHO,2020-10-01,1672963.56
AYACUCHO,2020-11-01,2022131.28
AYACUCHO,2020-12-01,4609585.88
AYACUCHO,2021-01-01,541085.36
AYACUCHO,2021-02-01,1127868.1
AYACUCHO,2021-03-01,1959106.96
AYACUCHO,2021-04-01,1170345.27
AYACUCHO,2021-05-01,2032514.06
AYACUCHO,2021-06-01,1671290.16
AYACUCHO,2021-07-01,2626663.17
AYACUCHO,2021-08-01,2241630.9
AYACUCHO,2021-09-01,2185183.94
AYACUCHO,2021-10-01,1888333.31
AYACUCHO,2021-11-01,1469696.45
AYACUCHO,2021-12-01,5407984.78
AYACUCHO,2022-01-01,503356.66000000003
AYACUCHO,2022-02-01,873620.22
AYACUCHO,2022-03-01,4586397.53
AYACUCHO,2022-04-01,1164399.87
AYACUCHO,2022-05-01,1625950.03
AYACUCHO,2022-06-01,2016403.55
AYACUCHO,2022-07-01,1661024.87
AYACUCHO,2022-08-01,1428553.09
AYACUCHO,2022-09-01,1387007.8
AYACUCHO,2022-10-01,1813901.8800000001
AYACUCHO,2022-11-01,3375507.4899999998
AYACUCHO,2022-12-01,4381859.4
AYACUCHO,2023-01-01,193708.71
AYACUCHO,2023-02-01,1654158.08
AYACUCHO,2023-03-01,2242704.74
AYACUCHO,2023-04-01,1881238.88
AYACUCHO,2023-05-01,2009115.62
AYACUCHO,2023-06-01,1959521.83
AYACUCHO,2023-07-01,2027653.92
AYACUCHO,2023-08-01,1944840.71
AYACUCHO,2023-09-01,1772931.89
AYACUCHO,2023-10-01,2064205.08
AYACUCHO,2023-11-01,2143641.83
AYACUCHO,2023-12-01,8231578.62
AYACUCHO,2024-01-01,812586.59
AYACUCHO,2024-02-01,1364499.1400000001
AYACUCHO,2024-03-01,1998095.06
AYACUCHO,2024-04-01,2234381.95
AYACUCHO,2024-05-01,2412187.58
AYACUCHO,2024-06-01,1782946.87
AYACUCHO,2024-07-01,2878589.12
AYACUCHO,2024-08-01,1892168.59
AYACUCHO,2024-09-01,2115561.36
AYACUCHO,2024-10-01,2568168.9
AYACUCHO,2024-11-01,3195858.01
AYACUCHO,2024-12-01,7273218.55
AYACUCHO,2025-01-01,1150591.03
AYACUCHO,2025-02-01,1377462.9200000002
AYACUCHO,2025-03-01,1968581.29
AYACUCHO,2025-04-01,2424107.04
AYACUCHO,2025-05-01,3104273.42
AYACUCHO,2025-06-01,2701602.4
AYACUCHO,2025-07-01,2475939.31
AYACUCHO,2025-08-01,1766014.52
CAJAMARCA,2019-01-01,180798.5
CAJAMARCA,2019-02-01,810083.86
CAJAMARCA,2019-03-01,865647.81
CAJAMARCA,2019-04-01,736503.74
CAJAMARCA,2019-05-01,1131820.27
CAJAMARCA,2019-06-01,1027514.6900000001
CAJAMARCA,2019-07-01,1700183.28
CAJAMARCA,2019-08-01,1017426.23
CAJAMARCA,2019-09-01,1043249.0599999999
CAJAMARCA,2019-10-01,941213.11
CAJAMARCA,2019-11-01,950240.92
CAJAMARCA,2019-12-01,2928898.16
CAJAMARCA,2020-01-01,830985.51
CAJAMARCA,2020-02-01,755794.62
CAJAMARCA,2020-04-01,1653623.85
CAJAMARCA,2020-05-01,1335537.94
CAJAMARCA,2020-06-01,1315915.32
CAJAMARCA,2020-07-01,2193094.9
CAJAMARCA,2020-08-01,1300602.3
CAJAMARCA,2020-09-01,2190417.07
CAJAMARCA,2020-10-01,1707673.67
CAJAMARCA,2020-12-01,4737671.46
CAJAMARCA,2021-01-01,1830515.42
CAJAMARCA,2021-02-01,2808297.14
CAJAMARCA,2021-03-01,2796169.38
CAJAMARCA,2021-04-01,3662403.62
CAJAMARCA,2021-05-01,2806058.11
CAJAMARCA,2021-06-01,3014447.9
CAJAMARCA,2021-07-01,3062460.27
CAJAMARCA,2021-08-01,3314059.88
CAJAMARCA,2021-09-01,3522024.32
CAJAMARCA,2021-10-01,1619657.66
CAJAMARCA,2021-11-01,1273149.3
CAJAMARCA,2021-12-01,3272923.4499999997
CAJAMARCA,2022-01-01,2675960.96
CAJAMARCA,2022-02-01,1094888.51
CAJAMARCA,2022-03-01,1375280.48
CAJAMARCA,2022-04-01,1167677.87
CAJAMARCA,2022-05-01,2337073.49
CAJAMARCA,2022-06-01,1586836.07
CAJAMARCA,2022-07-01,1902351.48
CAJAMARCA,2022-08-01,1512810.07
CAJAMARCA,2022-09-01,1461733.18
CAJAMARCA,2022-10-01,1244347.55
CAJAMARCA,2022-11-01,1582043.9100000001
CAJAMARCA,2022-12-01,2913095.49
CAJAMARCA,2023-01-01,265854.46
CAJAMARCA,2023-02-01,985785.13
CAJAMARCA,2023-03-01,1541696.37
CAJAMARCA,2023-04-01,1364135.99
CAJAMARCA,2023-05-01,2604410.29
CAJAMARCA,2023-06-01,2152182.4699999997
CAJAMARCA,2023-07-01,2226413.71
CAJAMARCA,2023-08-01,1594314.12
CAJAMARCA,2023-09-01,4391179.2
CAJAMARCA,2023-10-01,1441910.96
CAJAMARCA,2023-11-01,1879242.42
CAJAMARCA,2023-12-01,2683887.95
CAJAMARCA,2024-01-01,578171.5
CAJAMARCA,2024-02-01,942204.96
CAJAMARCA,2024-03-01,1386347.28
CAJAMARCA,2024-04-01,1557124.25
CAJAMARCA,2024-05-01,2057337.78
CAJAMARCA,2024-06-01,1457844.35
CAJAMARCA,2024-07-01,1924968.56
CAJAMARCA,2024-08-01,1952164.97
CAJAMARCA,2024-09-01,2631548.73
CAJAMARCA,2024-10-01,2227172.1
CAJAMARCA,2024-11-01,2630467.71
CAJAMARCA,2024-12-01,3345989.4
CAJAMARCA,2025-01-01,764155.86
CAJAMARCA,2025-02-01,1389999.1400000001
CAJAMARCA,2025-03-01,2059285.6
CAJAMARCA,2025-04-01,2124911.2600000002
CAJAMARCA,2025-05-01,2926295.16
CAJAMARCA,2025-06-01,2046079.33
CAJAMARCA,2025-07-01,2213488.9
CAJAMARCA,2025-08-01,2338529.8
CUSCO,2019-01-01,169248.38
CUSCO,2019-02-01,2337260.43
CUSCO,2019-03-01,3485591.27
CUSCO,2019-04-01,4532130.2
CUSCO,2019-05-01,3555307.69
CUSCO,2019-06-01,4464072.51
CUSCO,2019-07-01,4574363.49
CUSCO,2019-08-01,4258354.27
CUSCO,2019-09-01,4459643.24
CUSCO,2019-10-01,5455278.41
CUSCO,2019-11-01,4126987.38
CUSCO,2019-12-01,9245013.7
CUSCO,2020-01-01,1105933.57
CUSCO,2020-02-01,3463705.62
CUSCO,2020-03-01,4563121.2
CUSCO,2020-04-01,2346319.7
CUSCO,2020-05-01,3503251.2
CUSCO,2020-06-01,4979441.26
CUSCO,2020-07-01,5669684.68
CUSCO,2020-08-01,4842767.92
CUSCO,2020-09-01,6669140.62
CUSCO,2020-10-01,4949163.95
CUSCO,2020-11-01,6192947.72
CUSCO,2020-12-01,12326093.93
CUSCO,2021-01-01,404934.36
CUSCO,2021-02-01,4190823.75
CUSCO,2021-03-01,6397889.51
CUSCO,2021-04-01,4297405.62
CUSCO,2021-05-01,5258109.83
CUSCO,2021-06-01,3799388.87
CUSCO,2021-07-01,5711042.26
CUSCO,2021-08-01,4666149.58
CUSCO,2021-09-01,5062058.99
CUSCO,2021-10-01,4732366.56
CUSCO,2021-11-01,5839938.36
CUSCO,2021-12-01,14324472.65
CUSCO,2022-01-01,1039361.33
CUSCO,2022-02-01,4468617.13
CUSCO,2022-03-01,8562256.56
CUSCO,2022-04-01,4386428.78
CUSCO,2022-05-01,6892413.17
CUSCO,2022-06-01,6334904.0
CUSCO,2022-07-01,7908723.7299999995
CUSCO,2022-08-01,7306970.58
CUSCO,2022-09-01,8151847.13
CUSCO,2022-10-01,8273559.78
CUSCO,2022-11-01,9313124.46
CUSCO,2022-12-01,15433214.13
CUSCO,2023-01-01,327601.94
CUSCO,2023-02-01,4348921.69
CUSCO,2023-03-01,6713947.14
CUSCO,2023-04-01,8343161.05
CUSCO,2023-05-01,8978859.45
CUSCO,2023-06-01,9795808.11
CUSCO,2023-07-01,10051950.04
CUSCO,2023-08-01,11400618.95
CUSCO,2023-09-01,10072776.4
CUSCO,2023-10-01,11998881.39
CUSCO,2023-11-01,6875210.68
CUSCO,2023-12-01,19865514.34
CUSCO,2024-01-01,1819009.22
CUSCO,2024-02-01,8174317.57
CUSCO,2024-03-01,8612551.09
CUSCO,2024-04-01,8082764.26
CUSCO,2024-05-01,10257370.36
CUSCO,2024-06-01,5085058.68
CUSCO,2024-07-01,10748434.790000001
CUSCO,2024-08-01,9087614.24
CUSCO,2024-09-01,13295639.55
CUSCO,2024-10-01,8391441.55
CUSCO,2024-11-01,7557599.54
CUSCO,2024-12-01,27415200.57
CUSCO,2025-01-01,1946817.3800000001
CUSCO,2025-02-01,6294677.04
CUSCO,2025-03-01,8426382.95
CUSCO,2025-04-01,11293047.24
CUSCO,2025-05-01,11624052.71
CUSCO,2025-06-01,7887881.72
CUSCO,2025-07-01,7489111.01
CUSCO,2025-08-01,11267505.73
HUANCAVELICA,2019-01-01,34434.91
HUANCAVELICA,2019-02-01,224495.99
HUANCAVELICA,2019-03-01,358840.32
HUANCAVELICA,2019-04-01,668439.52
HUANCAVELICA,2019-05-01,455991.71
HUANCAVELICA,2019-06-01,464731.68
HUANCAVELICA,2019-07-01,376548.75
HUANCAVELICA,2019-08-01,461876.23
HUANCAVELICA,2019-09-01,475834.66
HUANCAVELICA,2019-10-01,435009.01
HUANCAVELICA,2019-11-01,392757.73
HUANCAVELICA,2019-12-01,1223445.36
HUANCAVELICA,2020-01-01,323164.47
HUANCAVELICA,2020-02-01,344875.62
HUANCAVELICA,2020-03-01,387854.72
HUANCAVELICA,2020-04-01,247251.72
HUANCAVELICA,2020-05-01,427315.97
HUANCAVELICA,2020-06-01,481083.46
HUANCAVELICA,2020-07-01,880098.66
HUANCAVELICA,2020-08-01,569929.76
HUANCAVELICA,2020-09-01,530887.29
HUANCAVELICA,2020-10-01,860474.38
HUANCAVELICA,2020-11-01,642945.86
HUANCAVELICA,2020-12-01,1912040.12
HUANCAVELICA,2021-01-01,162014.96
HUANCAVELICA,2021-02-01,400923.25
HUANCAVELICA,2021-03-01,1263076.32
HUANCAVELICA,2021-04-01,667235.35
HUANCAVELICA,2021-05-01,537959.3
HUANCAVELICA,2021-07-01,957346.1
HUANCAVELICA,2021-08-01,643332.84
HUANCAVELICA,2021-09-01,866538.5499999999
HUANCAVELICA,2021-10-01,1599104.55
HUANCAVELICA,2021-11-01,546676.42
HUANCAVELICA,2021-12-01,1112421.6
HUANCAVELICA,2022-01-01,132645.32
HUANCAVELICA,2022-02-01,304757.37
HUANCAVELICA,2022-03-01,603286.34
HUANCAVELICA,2022-04-01,521628.61
HUANCAVELICA,2022-05-01,656623.62
HUANCAVELICA,2022-06-01,603264.42
HUANCAVELICA,2022-07-01,629102.64
HUANCAVELICA,2022-08-01,661973.3099999999
HUANCAVELICA,2022-09-01,553068.01
HUANCAVELICA,2022-10-01,519860.93
HUANCAVELICA,2022-11-01,610564.78
HUANCAVELICA,2022-12-01,1742646.42
HUANCAVELICA,2023-01-01,108174.56
HUANCAVELICA,2023-02-01,323486.23
HUANCAVELICA,2023-03-01,2538386.1500000004
HUANCAVELICA,2023-05-01,2137761.65
HUANCAVELICA,2023-06-01,2747154.17
HUANCAVELICA,2023-07-01,1231491.45
HUANCAVELICA,2023-08-01,765324.72
HUANCAVELICA,2023-09-01,1105989.73
HUANCAVELICA,2023-10-01,685724.0599999999
HUANCAVELICA,2023-11-01,522051.97
HUANCAVELICA,2023-12-01,2173757.65
HUANCAVELICA,2024-01-01,173487.66999999998
HUANCAVELICA,2024-02-01,392508.14
HUANCAVELICA,2024-03-01,681869.68
HUANCAVELICA,2024-04-01,644315.11
HUANCAVELICA,2024-05-01,1027335.41
HUANCAVELICA,2024-06-01,614866.51
HUANCAVELICA,2024-07-01,1047283.14
HUANCAVELICA,2024-08-01,696409.87
HUANCAVELICA,2024-09-01,716572.74
HUANCAVELICA,2024-10-01,661860.68
HUANCAVELICA,2024-11-01,1103440.56
HUANCAVELICA,2024-12-01,2704088.14
HUANCAVELICA,2025-01-01,294746.21
HUANCAVELICA,2025-02-01,497713.01
HUANCAVELICA,2025-03-01,533001.87
HUANCAVELICA,2025-04-01,718965.45
HUANCAVELICA,2025-05-01,882701.5599999999
HUANCAVELICA,2025-06-01,864018.93
HUANCAVELICA,2025-07-01,912832.13
HUANCAVELICA,2025-08-01,778161.9
HUANUCO,2019-01-01,285652.73
HUANUCO,2019-02-01,1393793.63
HUANUCO,2019-03-01,905388.0
HUANUCO,2019-04-01,1063342.63
HUANUCO,2019-05-01,1327332.41
HUANUCO,2019-06-01,1032139.6900000001
HUANUCO,2019-07-01,1304731.17
HUANUCO,2019-08-01,1054631.79
HUANUCO,2019-09-01,881641.8200000001
HUANUCO,2019-10-01,1144834.83
HUANUCO,2019-11-01,1109567.54
HUANUCO,2019-12-01,1469158.27
HUANUCO,2020-01-01,649478.6900000001
HUANUCO,2020-02-01,930885.03
HUANUCO,2020-03-01,1200345.45
HUANUCO,2020-04-01,776723.29
HUANUCO,2020-05-01,1102228.01
HUANUCO,2020-06-01,1219473.75
HUANUCO,2020-07-01,1866264.58
HUANUCO,2020-08-01,1366712.1
HUANUCO,2020-09-01,1722853.99
HUANUCO,2020-10-01,1534277.86
HUANUCO,2020-11-01,1746842.96
HUANUCO,2020-12-01,3872025.19
HUANUCO,2021-01-01,420992.97000000003
HUANUCO,2021-02-01,882189.69
HUANUCO,2021-03-01,1562222.79
HUANUCO,2021-04-01,969439.85
HUANUCO,2021-05-01,1230230.18
HUANUCO,2021-06-01,1214367.05
HUANUCO,2021-07-01,1315390.22
HUANUCO,2021-08-01,1122511.28
HUANUCO,2021-09-01,1266873.97
HUANUCO,2021-10-01,985243.65
HUANUCO,2021-11-01,1143426.31
HUANUCO,2021-12-01,1986683.83
HUANUCO,2022-01-01,621548.83
HUANUCO,2022-02-01,1008533.62
HUANUCO,2022-03-01,1239121.6
HUANUCO,2022-04-01,1304799.72
HUANUCO,2022-05-01,1602595.23
HUANUCO,2022-06-01,1292407.46
HUANUCO,2022-07-01,1722245.79
HUANUCO,2022-08-01,1200398.48
HUANUCO,2022-09-01,1073380.87
HUANUCO,2022-10-01,1107129.52
HUANUCO,2022-11-01,1361094.77
HUANUCO,2022-12-01,2011058.19
HUANUCO,2023-01-01,408165.83
HUANUCO,2023-02-01,1080409.15
HUANUCO,2023-03-01,1304563.18
HUANUCO,2023-04-01,1256891.28
HUANUCO,2023-05-01,1494473.71
HUANUCO,2023-06-01,1441027.68
HUANUCO,2023-07-01,1610891.7
HUANUCO,2023-08-01,1694790.71
HUANUCO,2023-09-01,1219693.3
HUANUCO,2023-10-01,1659605.86
HUANUCO,2023-11-01,1756530.09
HUANUCO,2023-12-01,4252159.88
HUANUCO,2024-01-01,616181.07
HUANUCO,2024-02-01,1928968.7
HUANUCO,2024-03-01,2201301.75
HUANUCO,2024-04-01,1943803.88
HUANUCO,2024-05-01,2850800.66
HUANUCO,2024-06-01,1561937.1600000001
HUANUCO,2024-07-01,1770901.59
HUANUCO,2024-08-01,1821176.09
HUANUCO,2024-09-01,1361903.35
HUANUCO,2024-10-01,2371531.73
HUANUCO,2024-11-01,1756463.16
HUANUCO,2024-12-01,3509640.32
HUANUCO,2025-01-01,905755.3
HUANUCO,2025-02-01,1443354.35
HUANUCO,2025-03-01,1825752.69
HUANUCO,2025-04-01,2250579.76
HUANUCO,2025-05-01,2344234.8
HUANUCO,2025-06-01,1799924.13
HUANUCO,2025-07-01,2399844.74
HUANUCO,2025-08-01,2577110.59
ICA,2019-01-01,469243.26
ICA,2019-02-01,1104671.9
ICA,2019-03-01,3050553.48
ICA,2019-04-01,1494900.79
ICA,2019-05-01,2015268.23
ICA,2019-06-01,1950724.2
ICA,2019-07-01,2365413.27
ICA,2019-08-01,1378028.4
ICA,2019-09-01,1990065.72
ICA,2019-10-01,1834223.2
ICA,2019-11-01,2026094.6
ICA,2019-12-01,2714305.74
ICA,2020-01-01,1480393.33
ICA,2020-02-01,1550379.3
ICA,2020-03-01,2039465.3
ICA,2020-04-01,1334975.07
ICA,2020-05-01,1725973.68
ICA,2020-06-01,1737874.23
ICA,2020-07-01,2423860.28
ICA,2020-08-01,1998813.32
ICA,2020-09-01,2756215.87
ICA,2020-10-01,2336160.26
ICA,2020-11-01,2271104.04
ICA,2020-12-01,3399948.83
ICA,2021-01-01,1406939.79
ICA,2021-02-01,1456199.46
ICA,2021-03-01,2693282.42
ICA,2021-04-01,2085084.9200000002
ICA,2021-05-01,2466753.44
ICA,2021-06-01,2157086.4899999998
ICA,2021-07-01,4507648.88
ICA,2021-08-01,2578986.5
ICA,2021-09-01,2843751.33
ICA,2021-10-01,2632090.96
ICA,2021-11-01,2791847.9899999998
ICA,2021-12-01,5077094.2
ICA,2022-01-01,1543292.46
ICA,2022-02-01,2811948.14
ICA,2022-03-01,3147269.49
ICA,2022-04-01,2871041.2600000002
ICA,2022-05-01,3231200.77
ICA,2022-06-01,2676100.4899999998
ICA,2022-07-01,3554492.6999999997
ICA,2022-08-01,3161947.41
ICA,2022-09-01,2780481.19
ICA,2022-10-01,3945888.85
ICA,2022-11-01,3229088.51
ICA,2022-12-01,4149163.57
ICA,2023-01-01,1404542.08
ICA,2023-02-01,2182702.15
ICA,2023-03-01,2942203.48
ICA,2023-04-01,2766924.28
ICA,2023-05-01,3061998.08
ICA,2023-06-01,3928006.73
ICA,2023-07-01,4086887.57
ICA,2023-08-01,4220753.37
ICA,2023-09-01,3067137.98
ICA,2023-10-01,3429531.04
ICA,2023-11-01,4623135.78
ICA,2023-12-01,9028165.790000001
ICA,2024-01-01,2299025.64
ICA,2024-02-01,4350276.96
ICA,2024-03-01,6801428.17
ICA,2024-04-01,4440170.27
ICA,2024-05-01,6272775.53
ICA,2024-06-01,4241681.1
ICA,2024-07-01,5367230.35
ICA,2024-08-01,3681054.42
ICA,2024-09-01,3497024.71
ICA,2024-10-01,3947909.23
ICA,2024-11-01,5938423.86
ICA,2024-12-01,6959521.91
ICA,2025-01-01,2511382.96
ICA,2025-02-01,3210114.55
ICA,2025-03-01,3650741.2
ICA,2025-04-01,3663267.5500000003
ICA,2025-05-01,4784764.41
ICA,2025-06-01,3841073.17
ICA,2025-07-01,4635661.98
ICA,2025-08-01,4399743.13
JUNIN,2019-01-01,339126.65
JUNIN,2019-02-01,888172.4400000001
JUNIN,2019-03-01,1195282.22
JUNIN,2019-04-01,1671686.0
JUNIN,2019-05-01,1354693.31
JUNIN,2019-06-01,1173542.57
JUNIN,2019-07-01,1572634.17
JUNIN,2019-08-01,1741326.8499999999
JUNIN,2019-09-01,3444035.85
JUNIN,2019-10-01,2145780.2199999997
JUNIN,2019-11-01,2136310.83
JUNIN,2019-12-01,4449385.08
JUNIN,2020-01-01,1531666.44
JUNIN,2020-02-01,1009820.79
JUNIN,2020-03-01,1264528.79
JUNIN,2020-04-01,1087088.42
JUNIN,2020-05-01,2391987.16
JUNIN,2020-06-01,1243536.6500000001
JUNIN,2020-07-01,2172327.7399999998
JUNIN,2020-08-01,2006796.6300000001
JUNIN,2020-09-01,1602665.65
JUNIN,2020-10-01,2793600.59
JUNIN,2020-11-01,1738754.99
JUNIN,2020-12-01,4789748.04
JUNIN,2021-01-01,723497.14
JUNIN,2021-02-01,1542653.09
JUNIN,2021-03-01,1397280.3699999999
JUNIN,2021-04-01,1366447.5
JUNIN,2021-05-01,1567322.02
JUNIN,2021-06-01,1520583.76
JUNIN,2021-07-01,2303571.67
JUNIN,2021-08-01,2319094.77
JUNIN,2021-09-01,2993365.64
JUNIN,2021-10-01,1807229.4000000001
JUNIN,2021-11-01,1883336.02
JUNIN,2021-12-01,5453908.17
JUNIN,2022-01-01,1093321.0
JUNIN,2022-02-01,1378135.06
JUNIN,2022-03-01,2203814.73
JUNIN,2022-04-01,1850112.73
JUNIN,2022-05-01,2149073.86
JUNIN,2022-06-01,2041474.9
JUNIN,2022-07-01,2183995.62
JUNIN,2022-08-01,2063262.51
JUNIN,2022-09-01,1963295.56
JUNIN,2022-10-01,3122589.02
JUNIN,2022-11-01,2884670.58
JUNIN,2022-12-01,5256869.55
JUNIN,2023-01-01,855495.92
JUNIN,2023-02-01,1234486.94
JUNIN,2023-03-01,1876782.27
JUNIN,2023-04-01,2392687.75
JUNIN,2023-05-01,2390027.56
JUNIN,2023-06-01,2213609.64
JUNIN,2023-07-01,3045480.8
JUNIN,2023-08-01,2536370.54
JUNIN,2023-09-01,2628999.37
JUNIN,2023-10-01,2255541.31
JUNIN,2023-11-01,2707615.34
JUNIN,2023-12-01,4951557.04
JUNIN,2024-01-01,1112502.13
JUNIN,2024-02-01,1828208.91
JUNIN,2024-03-01,2391349.11
JUNIN,2024-04-01,2834910.17
JUNIN,2024-05-01,4068609.5
JUNIN,2024-06-01,3305126.97
JUNIN,2024-07-01,3486101.86
JUNIN,2024-08-01,3640861.81
JUNIN,2024-09-01,2677936.16
JUNIN,2024-10-01,4000347.47
JUNIN,2024-11-01,2995574.23
JUNIN,2024-12-01,7807331.31
JUNIN,2025-01-01,1734172.9
JUNIN,2025-02-01,2215968.9499999997
JUNIN,2025-03-01,2524302.6
JUNIN,2025-04-01,2663447.37
JUNIN,2025-05-01,4307845.09
JUNIN,2025-06-01,3213853.13
JUNIN,2025-07-01,4041332.72
JUNIN,2025-08-01,6565166.59
LA LIBERTAD,2019-01-01,2136145.17
LA LIBERTAD,2019-02-01,4268521.17
LA LIBERTAD,2019-03-01,4768702.76
LA LIBERTAD,2019-04-01,4619685.08
LA LIBERTAD,2019-05-01,5500503.01
LA LIBERTAD,2019-06-01,3898519.23
LA LIBERTAD,2019-07-01,7505936.03
LA LIBERTAD,2019-08-01,3851898.68
LA LIBERTAD,2019-09-01,3361063.37
LA LIBERTAD,2019-10-01,3695424.39
LA LIBERTAD,2019-11-01,6756099.94
LA LIBERTAD,2019-12-01,9501494.08
LA LIBERTAD,2020-01-01,3901205.29
LA LIBERTAD,2020-02-01,2323516.42
LA LIBERTAD,2020-03-01,4944509.21
LA LIBERTAD,2020-04-01,2047407.05
LA LIBERTAD,2020-05-01,2621766.45
LA LIBERTAD,2020-06-01,2219257.7
LA LIBERTAD,2020-07-01,2942909.89
LA LIBERTAD,2020-08-01,6672847.42
LA LIBERTAD,2020-09-01,3027153.11
LA LIBERTAD,2020-10-01,6028669.04
LA LIBERTAD,2020-11-01,5189853.36
LA LIBERTAD,2020-12-01,9828570.42
LA LIBERTAD,2021-01-01,1637537.48
LA LIBERTAD,2021-02-01,2874485.98
LA LIBERTAD,2021-03-01,3888888.19
LA LIBERTAD,2021-04-01,3787126.61
LA LIBERTAD,2021-05-01,2737692.45
LA LIBERTAD,2021-06-01,5063765.51
LA LIBERTAD,2021-07-01,4829399.61
LA LIBERTAD,2021-08-01,5011311.890000001
LA LIBERTAD,2021-09-01,5628115.99
LA LIBERTAD,2021-10-01,4635103.2
LA LIBERTAD,2021-11-01,4389984.37
LA LIBERTAD,2021-12-01,8727776.85
LA LIBERTAD,2022-01-01,1957244.19
LA LIBERTAD,2022-02-01,2949372.91
LA LIBERTAD,2022-03-01,5622458.2
LA LIBERTAD,2022-04-01,5062662.56
LA LIBERTAD,2022-05-01,4205167.57
LA LIBERTAD,2022-06-01,3741677.39
LA LIBERTAD,2022-07-01,4808633.94
LA LIBERTAD,2022-08-01,3522262.11
LA LIBERTAD,2022-09-01,4295842.46
LA LIBERTAD,2022-10-01,3681620.56
LA LIBERTAD,2022-11-01,4120390.77
LA LIBERTAD,2022-12-01,8083936.68
LA LIBERTAD,2023-01-01,1454790.22
LA LIBERTAD,2023-02-01,5759391.9399999995
LA LIBERTAD,2023-03-01,3696290.71
LA LIBERTAD,2023-04-01,3737763.73
LA LIBERTAD,2023-05-01,3942353.17
LA LIBERTAD,2023-06-01,3505625.87
LA LIBERTAD,2023-07-01,4622164.28
LA LIBERTAD,2023-08-01,4013297.01
LA LIBERTAD,2023-09-01,4322004.62
LA LIBERTAD,2023-10-01,3399862.69
LA LIBERTAD,2023-11-01,4035307.0500000003
LA LIBERTAD,2023-12-01,6438741.0200000005
LA LIBERTAD,2024-01-01,1844931.45
LA LIBERTAD,2024-02-01,3869715.74
LA LIBERTAD,2024-03-01,3772520.44
LA LIBERTAD,2024-04-01,3878882.91
LA LIBERTAD,2024-05-01,6158875.13
LA LIBERTAD,2024-06-01,3766231.2199999997
LA LIBERTAD,2024-07-01,5203106.28
LA LIBERTAD,2024-08-01,4240810.2
LA LIBERTAD,2024-09-01,4044346.34
LA LIBERTAD,2024-10-01,3989965.9499999997
LA LIBERTAD,2024-11-01,5490057.42
LA LIBERTAD,2024-12-01,7102377.6899999995
LA LIBERTAD,2025-01-01,2842797.58
LA LIBERTAD,2025-02-01,8939161.56
LA LIBERTAD,2025-03-01,4656459.64
LA LIBERTAD,2025-04-01,4097738.07
LA LIBERTAD,2025-05-01,8264391.2700000005
LA LIBERTAD,2025-06-01,5806396.27
LA LIBERTAD,2025-07-01,7555605.37
LA LIBERTAD,2025-08-01,5602383.4
LAMBAYEQUE,2019-01-01,728747.0399999999
LAMBAYEQUE,2019-02-01,588531.04
LAMBAYEQUE,2019-03-01,1439950.23
LAMBAYEQUE,2019-04-01,3300308.26
LAMBAYEQUE,2019-05-01,2208780.9
LAMBAYEQUE,2019-06-01,2359376.88
LAMBAYEQUE,2019-07-01,1314475.99
LAMBAYEQUE,2019-08-01,3221230.43
LAMBAYEQUE,2019-09-01,2300576.0
LAMBAYEQUE,2019-10-01,2491533.4299999997
LAMBAYEQUE,2019-11-01,2254327.36
LAMBAYEQUE,2019-12-01,2785036.39
LAMBAYEQUE,2020-01-01,1490971.16
LAMBAYEQUE,2020-02-01,1081905.46
LAMBAYEQUE,2020-03-01,1398195.1199999999
LAMBAYEQUE,2020-04-01,750812.84
LAMBAYEQUE,2020-05-01,1105131.73
LAMBAYEQUE,2020-06-01,806487.91
LAMBAYEQUE,2020-07-01,1409987.8
LAMBAYEQUE,2020-08-01,1158163.19
LAMBAYEQUE,2020-09-01,1467573.54
LAMBAYEQUE,2020-10-01,916760.22
LAMBAYEQUE,2020-11-01,2567706.9000000004
LAMBAYEQUE,2020-12-01,1817310.32
LAMBAYEQUE,2021-01-01,904410.67
LAMBAYEQUE,2021-02-01,1109164.12
LAMBAYEQUE,2021-03-01,3678040.16
LAMBAYEQUE,2021-04-01,1349729.42
LAMBAYEQUE,2021-05-01,1640297.7999999998
LAMBAYEQUE,2021-06-01,1303418.33
LAMBAYEQUE,2021-07-01,4671445.66
LAMBAYEQUE,2021-08-01,2912378.31
LAMBAYEQUE,2021-09-01,2173119.8
LAMBAYEQUE,2021-10-01,1417217.92
LAMBAYEQUE,2021-11-01,1920155.72
LAMBAYEQUE,2021-12-01,3033813.2
LAMBAYEQUE,2022-01-01,1037599.08
LAMBAYEQUE,2022-02-01,989655.13
LAMBAYEQUE,2022-03-01,1277676.59
LAMBAYEQUE,2022-04-01,1249920.76
LAMBAYEQUE,2022-05-01,1758017.64
LAMBAYEQUE,2022-06-01,1149122.79
LAMBAYEQUE,2022-07-01,2056780.09
LAMBAYEQUE,2022-08-01,1189515.33
LAMBAYEQUE,2022-09-01,1204407.1
LAMBAYEQUE,2022-10-01,1116182.46
LAMBAYEQUE,2022-11-01,1275687.08
LAMBAYEQUE,2022-12-01,1959070.78
LAMBAYEQUE,2023-01-01,382447.02
LAMBAYEQUE,2023-02-01,1154487.68
LAMBAYEQUE,2023-03-01,1561187.74
LAMBAYEQUE,2023-04-01,1259893.28
LAMBAYEQUE,2023-05-01,2058808.19
LAMBAYEQUE,2023-06-01,1652799.41
LAMBAYEQUE,2023-07-01,1965395.81
LAMBAYEQUE,2023-08-01,1691359.12
LAMBAYEQUE,2023-09-01,1782057.74
LAMBAYEQUE,2023-10-01,1480008.69
LAMBAYEQUE,2023-11-01,1459578.67
LAMBAYEQUE,2023-12-01,2594695.66
LAMBAYEQUE,2024-01-01,974141.06
LAMBAYEQUE,2024-02-01,941656.9
LAMBAYEQUE,2024-03-01,1350189.21
LAMBAYEQUE,2024-04-01,1640768.92
LAMBAYEQUE,2024-05-01,1528813.17
LAMBAYEQUE,2024-06-01,1635958.04
LAMBAYEQUE,2024-07-01,2552609.15
LAMBAYEQUE,2024-08-01,1608956.68
LAMBAYEQUE,2024-09-01,1704893.3
LAMBAYEQUE,2024-10-01,1881378.9000000001
LAMBAYEQUE,2024-11-01,1810010.58
LAMBAYEQUE,2025-01-01,1955122.31
LAMBAYEQUE,2025-02-01,1852221.82
LAMBAYEQUE,2025-03-01,4213134.6
LAMBAYEQUE,2025-04-01,5119970.6899999995
LAMBAYEQUE,2025-05-01,3996473.2600000002
LAMBAYEQUE,2025-06-01,5220201.56
LAMBAYEQUE,2025-07-01,7434166.24
LAMBAYEQUE,2025-08-01,4747930.47
LIMA METROPOLITANA,2019-01-01,13089132.05
LIMA METROPOLITANA,2019-02-01,29197193.47
LIMA METROPOLITANA,2019-03-01,28350762.92
LIMA METROPOLITANA,2019-04-01,41361207.65
LIMA METROPOLITANA,2019-05-01,32362494.34
LIMA METROPOLITANA,2019-06-01,39771066.85
LIMA METROPOLITANA,2019-07-01,39687856.58
LIMA METROPOLITANA,2019-08-01,31887437.28
LIMA METROPOLITANA,2019-09-01,34587154.26
LIMA METROPOLITANA,2019-10-01,34625756.15
LIMA METROPOLITANA,2019-11-01,31918081.61
LIMA METROPOLITANA,2019-12-01,60556142.019999996
LIMA METROPOLITANA,2020-01-01,22958266.87
LIMA METROPOLITANA,2020-02-01,38549094.54
LIMA METROPOLITANA,2020-03-01,35334479.2
LIMA METROPOLITANA,2020-04-01,24420447.4
LIMA METROPOLITANA,2020-05-01,37500445.45
LIMA METROPOLITANA,2020-06-01,32184560.57
LIMA METROPOLITANA,2020-07-01,37438785.65
LIMA METROPOLITANA,2020-08-01,36651395.09
LIMA METROPOLITANA,2020-09-01,34271743.87
LIMA METROPOLITANA,2020-10-01,42197936.33
LIMA METROPOLITANA,2020-11-01,39131598.05
LIMA METROPOLITANA,2020-12-01,58154302.08
LIMA METROPOLITANA,2021-01-01,30283091.62
LIMA METROPOLITANA,2021-02-01,38797022.99
LIMA METROPOLITANA,2021-03-01,40555488.11
LIMA METROPOLITANA,2021-04-01,37753638.01
LIMA METROPOLITANA,2021-05-01,41121551.56
LIMA METROPOLITANA,2021-06-01,37690370.5
LIMA METROPOLITANA,2021-07-01,49463929.36
LIMA METROPOLITANA,2021-08-01,36087359.46
LIMA METROPOLITANA,2021-09-01,41055098.19
LIMA METROPOLITANA,2021-10-01,39504923.92
LIMA METROPOLITANA,2021-11-01,43328406.01
LIMA METROPOLITANA,2021-12-01,65350038.04
LIMA METROPOLITANA,2022-01-01,23920751.57
LIMA METROPOLITANA,2022-02-01,37282463.24
LIMA METROPOLITANA,2022-03-01,46147115.08
LIMA METROPOLITANA,2022-04-01,39626254.73
LIMA METROPOLITANA,2022-05-01,42647698.96
LIMA METROPOLITANA,2022-06-01,39537174.69
LIMA METROPOLITANA,2022-07-01,45811679.97
LIMA METROPOLITANA,2022-08-01,38894337.32
LIMA METROPOLITANA,2022-09-01,45035653.46
LIMA METROPOLITANA,2022-10-01,41574937.67
LIMA METROPOLITANA,2022-11-01,44293115.57
LIMA METROPOLITANA,2022-12-01,56930212.72
LIMA METROPOLITANA,2023-01-01,19510052.73
LIMA METROPOLITANA,2023-02-01,38327436.6
LIMA METROPOLITANA,2023-03-01,41890627.26
LIMA METROPOLITANA,2023-04-01,38006565.35
LIMA METROPOLITANA,2023-05-01,43451177.199999996
LIMA METROPOLITANA,2023-06-01,51057213.77
LIMA METROPOLITANA,2023-07-01,46435656.17
LIMA METROPOLITANA,2023-08-01,47767316.58
LIMA METROPOLITANA,2023-09-01,42314996.28
LIMA METROPOLITANA,2023-10-01,44769408.6
LIMA METROPOLITANA,2023-11-01,45234886.51
LIMA METROPOLITANA,2023-12-01,114711348.63
LIMA METROPOLITANA,2024-01-01,29720455.81
LIMA METROPOLITANA,2024-02-01,51718120.690000005
LIMA METROPOLITANA,2024-03-01,50020776.91
LIMA METROPOLITANA,2024-04-01,51646296.77
LIMA METROPOLITANA,2024-05-01,55667542.690000005
LIMA METROPOLITANA,2024-06-01,54928741.18
LIMA METROPOLITANA,2024-07-01,60427526.72
LIMA METROPOLITANA,2024-08-01,54085402.69
LIMA METROPOLITANA,2024-09-01,63704488.78
LIMA METROPOLITANA,2024-10-01,80602046.46
LIMA METROPOLITANA,2024-11-01,77823696.12
LIMA METROPOLITANA,2024-12-01,136719493.17
LIMA METROPOLITANA,2025-01-01,38035123.03
LIMA METROPOLITANA,2025-02-01,67239622.73
LIMA METROPOLITANA,2025-03-01,78268118.42999999
LIMA METROPOLITANA,2025-04-01,62001708.71
LIMA METROPOLITANA,2025-05-01,73335771.17
LIMA METROPOLITANA,2025-06-01,55503065.11
LIMA METROPOLITANA,2025-07-01,76930063.0
LIMA METROPOLITANA,2025-08-01,59526835.77
LORETO,2019-01-01,256546.91999999998
LORETO,2019-02-01,383195.41000000003
LORETO,2019-03-01,1338213.46
LORETO,2019-04-01,1043060.79
LORETO,2019-05-01,977425.45
LORETO,2019-06-01,988488.92
LORETO,2019-07-01,1137865.9
LORETO,2019-08-01,864936.5800000001
LORETO,2019-09-01,1252933.6
LORETO,2019-10-01,819689.29
LORETO,2019-11-01,1311762.22
LORETO,2019-12-01,697359.87
LORETO,2020-01-01,1245186.73
LORETO,2020-02-01,782001.9
LORETO,2020-03-01,1954243.89
LORETO,2020-04-01,1228850.35
LORETO,2020-05-01,1505161.9100000001
LORETO,2020-06-01,2100088.19
LORETO,2020-07-01,1707594.02
LORETO,2020-08-01,1844815.91
LORETO,2020-09-01,1623518.83
LORETO,2020-10-01,1668085.86
LORETO,2020-11-01,6760826.96
LORETO,2020-12-01,181222.81999999998
LORETO,2021-01-01,1143275.3699999999
LORETO,2021-02-01,557998.47
LORETO,2021-03-01,2154774.22
LORETO,2021-04-01,1103912.73
LORETO,2021-05-01,1632285.27
LORETO,2021-06-01,1013937.72
LORETO,2021-07-01,1152621.18
LORETO,2021-08-01,1242736.63
LORETO,2021-09-01,1166228.78
LORETO,2021-10-01,1657630.65
LORETO,2021-11-01,1166380.21
LORETO,2021-12-01,1156654.37
LORETO,2022-01-01,1356633.79
LORETO,2022-02-01,758610.8300000001
LORETO,2022-03-01,2344788.29
LORETO,2022-04-01,1179170.75
LORETO,2022-05-01,1437408.3800000001
LORETO,2022-06-01,1068754.8800000001
LORETO,2022-07-01,1368223.51
LORETO,2022-08-01,1276525.44
LORETO,2022-09-01,1282842.27
LORETO,2022-10-01,1249636.97
LORETO,2022-11-01,1321525.5
LORETO,2022-12-01,2627821.7
LORETO,2023-01-01,836826.83
LORETO,2023-02-01,714973.02
LORETO,2023-03-01,1976612.8
LORETO,2023-04-01,2717564.87
LORETO,2023-05-01,1508987.1099999999
LORETO,2023-06-01,5008491.31
LORETO,2023-07-01,1748856.81
LORETO,2023-08-01,1800271.8900000001
LORETO,2023-09-01,1798759.33
LORETO,2023-10-01,1538500.07
LORETO,2023-11-01,1292374.54
LORETO,2023-12-01,2720498.7199999997
LORETO,2024-01-01,1343696.83
LORETO,2024-02-01,1162743.35
LORETO,2024-03-01,2692826.17
LORETO,2024-04-01,2113080.9
LORETO,2024-05-01,4141713.62
LORETO,2024-06-01,2158233.65
LORETO,2024-07-01,3009799.71
LORETO,2024-08-01,2826096.37
LORETO,2024-09-01,2676667.8600000003
LORETO,2024-10-01,3065406.62
LORETO,2024-11-01,2618904.19
LORETO,2024-12-01,3685139.67
LORETO,2025-01-01,1993760.21
LORETO,2025-02-01,1590079.25
LORETO,2025-03-01,3575026.37
LORETO,2025-04-01,2664236.27
LORETO,2025-05-01,3602773.92
LORETO,2025-06-01,3121397.36
LORETO,2025-07-01,3025169.44
LORETO,2025-08-01,3198942.87
MADRE DE DIOS,2019-01-01,80461.35
MADRE DE DIOS,2019-02-01,432260.0
MADRE DE DIOS,2019-03-01,333036.16
MADRE DE DIOS,2019-04-01,589309.5800000001
MADRE DE DIOS,2019-05-01,449368.62
MADRE DE DIOS,2019-06-01,419862.5
MADRE DE DIOS,2019-07-01,344549.86
MADRE DE DIOS,2019-08-01,264165.86
MADRE DE DIOS,2019-09-01,306640.74
MADRE DE DIOS,2019-10-01,197791.28
MADRE DE DIOS,2019-11-01,200043.78
MADRE DE DIOS,2019-12-01,339672.33999999997
MADRE DE DIOS,2020-01-01,117832.05
MADRE DE DIOS,2020-02-01,215152.03
MADRE DE DIOS,2020-03-01,426624.44999999995
MADRE DE DIOS,2020-04-01,121546.26000000001
MADRE DE DIOS,2020-05-01,188948.17
MADRE DE DIOS,2020-06-01,251436.85
MADRE DE DIOS,2020-07-01,426399.96
MADRE DE DIOS,2020-08-01,295718.08999999997
MADRE DE DIOS,2020-09-01,147919.04
MADRE DE DIOS,2020-10-01,207468.25
MADRE DE DIOS,2020-11-01,182077.9
MADRE DE DIOS,2020-12-01,323703.09
MADRE DE DIOS,2021-01-01,99553.98
MADRE DE DIOS,2021-02-01,160278.08
MADRE DE DIOS,2021-03-01,288809.88
MADRE DE DIOS,2021-04-01,268283.87
MADRE DE DIOS,2021-05-01,255214.05
MADRE DE DIOS,2021-06-01,352856.93
MADRE DE DIOS,2021-07-01,276956.53
MADRE DE DIOS,2021-08-01,217702.61000000002
MADRE DE DIOS,2021-09-01,178650.26
MADRE DE DIOS,2021-10-01,288820.20999999996
MADRE DE DIOS,2021-11-01,383105.43999999994
MADRE DE DIOS,2022-01-01,144945.68
MADRE DE DIOS,2022-02-01,390994.24
MADRE DE DIOS,2022-03-01,942957.57
MADRE DE DIOS,2022-04-01,471402.12
MADRE DE DIOS,2022-05-01,585344.48
MADRE DE DIOS,2022-06-01,305792.58
MADRE DE DIOS,2022-07-01,295111.18
MADRE DE DIOS,2022-08-01,500290.64
MADRE DE DIOS,2022-09-01,1817375.76
MADRE DE DIOS,2022-10-01,878214.9500000001
MADRE DE DIOS,2022-11-01,649257.34
MADRE DE DIOS,2022-12-01,2666951.79
MADRE DE DIOS,2023-01-01,22280.5
MADRE DE DIOS,2023-02-01,361652.57
MADRE DE DIOS,2023-03-01,288307.20999999996
MADRE DE DIOS,2023-04-01,357520.02
MADRE DE DIOS,2023-05-01,532511.84
MADRE DE DIOS,2023-06-01,451898.83
MADRE DE DIOS,2023-07-01,554162.19
MADRE DE DIOS,2023-08-01,609885.59
MADRE DE DIOS,2023-09-01,385960.89
MADRE DE DIOS,2023-10-01,851078.29
MADRE DE DIOS,2023-11-01,459011.23000000004
MADRE DE DIOS,2023-12-01,1708880.07
MADRE DE DIOS,2024-01-01,230790.53
MADRE DE DIOS,2024-02-01,319131.9
MADRE DE DIOS,2024-03-01,325462.35
MADRE DE DIOS,2024-04-01,669499.6799999999
MADRE DE DIOS,2024-05-01,381446.32
MADRE DE DIOS,2024-06-01,420434.15
MADRE DE DIOS,2024-07-01,481034.54
MADRE DE DIOS,2024-08-01,461130.84
MADRE DE DIOS,2024-09-01,768689.1
MADRE DE DIOS,2024-10-01,885332.03
MADRE DE DIOS,2024-11-01,1019148.4299999999
MADRE DE DIOS,2024-12-01,2156797.37
MADRE DE DIOS,2025-01-01,181261.28999999998
MADRE DE DIOS,2025-02-01,333303.52
MADRE DE DIOS,2025-03-01,605696.85
MADRE DE DIOS,2025-04-01,508069.24
MADRE DE DIOS,2025-05-01,646080.09
MADRE DE DIOS,2025-06-01,571821.34
MADRE DE DIOS,2025-07-01,480089.01
MADRE DE DIOS,2025-08-01,386903.52999999997
MOQUEGUA,2019-01-01,51067.21
MOQUEGUA,2019-02-01,83955.03
MOQUEGUA,2019-03-01,138728.71
MOQUEGUA,2019-04-01,230423.75
MOQUEGUA,2019-05-01,205208.97
MOQUEGUA,2019-06-01,130582.82
MOQUEGUA,2019-07-01,235804.09
MOQUEGUA,2019-08-01,211709.65
MOQUEGUA,2019-09-01,300782.99
MOQUEGUA,2019-10-01,231673.01
MOQUEGUA,2019-11-01,257358.3
MOQUEGUA,2019-12-01,511694.02999999997
MOQUEGUA,2020-01-01,77103.38
MOQUEGUA,2020-02-01,167566.21
MOQUEGUA,2020-03-01,158342.64
MOQUEGUA,2020-04-01,156275.5
MOQUEGUA,2020-05-01,103573.75
MOQUEGUA,2020-06-01,138692.59
MOQUEGUA,2020-07-01,184496.91999999998
MOQUEGUA,2020-08-01,206693.28999999998
MOQUEGUA,2020-09-01,200682.32
MOQUEGUA,2020-10-01,296037.44
MOQUEGUA,2020-11-01,520698.23
MOQUEGUA,2020-12-01,2206680.9
MOQUEGUA,2021-01-01,67531.11
MOQUEGUA,2021-02-01,215797.09999999998
MOQUEGUA,2021-03-01,384673.32
MOQUEGUA,2021-04-01,471413.47
MOQUEGUA,2021-05-01,449117.94999999995
MOQUEGUA,2021-06-01,505248.79
MOQUEGUA,2021-07-01,271498.92
MOQUEGUA,2021-08-01,255358.92
MOQUEGUA,2021-09-01,298077.32999999996
MOQUEGUA,2021-10-01,325979.85000000003
MOQUEGUA,2021-11-01,292740.85000000003
MOQUEGUA,2021-12-01,635621.3200000001
MOQUEGUA,2022-01-01,82522.86
MOQUEGUA,2022-02-01,654656.39
MOQUEGUA,2022-03-01,348980.71
MOQUEGUA,2022-04-01,309718.96
MOQUEGUA,2022-05-01,321333.47000000003
MOQUEGUA,2022-06-01,341178.24
MOQUEGUA,2022-07-01,319711.07
MOQUEGUA,2022-08-01,1320260.01
MOQUEGUA,2022-09-01,358520.61
MOQUEGUA,2022-10-01,398329.56
MOQUEGUA,2022-11-01,311911.66
MOQUEGUA,2022-12-01,1858938.15
MOQUEGUA,2023-01-01,59948.41
MOQUEGUA,2023-02-01,287040.83
MOQUEGUA,2023-03-01,1726788.4900000002
MOQUEGUA,2023-04-01,301269.61
MOQUEGUA,2023-05-01,1475777.26
MOQUEGUA,2023-06-01,307741.1
MOQUEGUA,2023-07-01,493601.71
MOQUEGUA,2023-08-01,1043107.03
MOQUEGUA,2023-09-01,569361.89
MOQUEGUA,2023-10-01,838498.36
MOQUEGUA,2023-11-01,914597.39
MOQUEGUA,2023-12-01,2203960.0
MOQUEGUA,2024-01-01,155729.77
MOQUEGUA,2024-02-01,731224.46
MOQUEGUA,2024-03-01,759540.49
MOQUEGUA,2024-04-01,1003392.21
MOQUEGUA,2024-05-01,990546.21
MOQUEGUA,2024-06-01,1408205.26
MOQUEGUA,2024-07-01,1765274.34
MOQUEGUA,2024-08-01,849893.11
MOQUEGUA,2024-09-01,684914.72
MOQUEGUA,2024-10-01,966248.48
MOQUEGUA,2024-11-01,786727.2100000001
MOQUEGUA,2024-12-01,2253674.09
MOQUEGUA,2025-01-01,259696.35
MOQUEGUA,2025-02-01,1078309.23
MOQUEGUA,2025-03-01,1128141.78
MOQUEGUA,2025-04-01,1047507.67
MOQUEGUA,2025-05-01,846185.67
MOQUEGUA,2025-06-01,686117.49
MOQUEGUA,2025-07-01,1118716.86
MOQUEGUA,2025-08-01,1745543.41
PASCO,2019-01-01,58298.490000000005
PASCO,2019-02-01,436027.82
PASCO,2019-03-01,445275.63
PASCO,2019-04-01,388271.03
PASCO,2019-05-01,652744.15
PASCO,2019-06-01,429316.95999999996
PASCO,2019-07-01,417554.58
PASCO,2019-08-01,483926.10000000003
PASCO,2019-09-01,617593.83
PASCO,2019-10-01,627899.74
PASCO,2019-11-01,630246.78
PASCO,2019-12-01,1039894.95
PASCO,2020-01-01,195285.48
PASCO,2020-02-01,402738.68
PASCO,2020-03-01,908687.96
PASCO,2020-04-01,347600.01
PASCO,2020-05-01,513303.18
PASCO,2020-06-01,460565.76
PASCO,2020-07-01,748546.47
PASCO,2020-08-01,645291.8
PASCO,2020-09-01,955965.8300000001
PASCO,2020-10-01,1006081.66
PASCO,2020-11-01,522322.95
PASCO,2020-12-01,1247666.93
PASCO,2021-01-01,212625.03
PASCO,2021-02-01,271211.36
PASCO,2021-03-01,609781.0700000001
PASCO,2021-04-01,399127.92
PASCO,2021-05-01,494073.6
PASCO,2021-06-01,615594.0
PASCO,2021-07-01,3513438.0599999996
PASCO,2021-08-01,763679.38
PASCO,2021-09-01,608658.54
PASCO,2021-10-01,501773.93
PASCO,2021-11-01,591434.63
PASCO,2021-12-01,2496806.1700000004
PASCO,2022-01-01,187739.66
PASCO,2022-02-01,458945.47000000003
PASCO,2022-03-01,3502809.99
PASCO,2022-04-01,497529.89
PASCO,2022-05-01,1302377.41
PASCO,2022-06-01,548987.2
PASCO,2022-07-01,766791.27
PASCO,2022-08-01,2040135.9
PASCO,2022-09-01,1770070.93
PASCO,2022-10-01,571007.67
PASCO,2022-11-01,1844075.99
PASCO,2023-01-01,93266.13
PASCO,2023-02-01,447918.37
PASCO,2023-03-01,832933.51
PASCO,2023-04-01,1269008.64
PASCO,2023-05-01,663580.77
PASCO,2023-06-01,605225.75
PASCO,2023-07-01,659104.21
PASCO,2023-08-01,713779.05
PASCO,2023-09-01,551717.71
PASCO,2023-10-01,648717.86
PASCO,2023-11-01,741502.32
PASCO,2023-12-01,1548438.48
PASCO,2024-01-01,279815.46
PASCO,2024-02-01,500423.06
PASCO,2024-03-01,699503.08
PASCO,2024-04-01,679950.89
PASCO,2024-05-01,708105.04
PASCO,2024-06-01,579798.35
PASCO,2024-07-01,761695.96
PASCO,2024-08-01,772036.52
PASCO,2024-09-01,717352.55
PASCO,2024-10-01,777341.3
PASCO,2024-11-01,725663.73
PASCO,2024-12-01,1537154.1600000001
PASCO,2025-01-01,392927.72
PASCO,2025-02-01,754413.5499999999
PASCO,2025-03-01,714047.26
PASCO,2025-04-01,1262925.6
PASCO,2025-05-01,931280.08
PASCO,2025-06-01,1362667.91
PASCO,2025-07-01,1037272.55
PASCO,2025-08-01,810688.4
PIURA,2019-01-01,885509.98
PIURA,2019-02-01,2765175.39
PIURA,2019-03-01,3915931.83
PIURA,2019-04-01,2441909.65
PIURA,2019-05-01,4281668.7299999995
PIURA,2019-06-01,2001948.3900000001
PIURA,2019-07-01,3682578.38
PIURA,2019-08-01,3013155.63
PIURA,2019-09-01,2796394.73
PIURA,2019-10-01,3221289.95
PIURA,2019-11-01,2936374.95
PIURA,2019-12-01,4001042.33
PIURA,2020-01-01,2177310.58
PIURA,2020-02-01,2635061.05
PIURA,2020-03-01,3462569.82
PIURA,2020-04-01,2260682.41
PIURA,2020-05-01,3227651.79
PIURA,2020-06-01,2516008.2800000003
PIURA,2020-07-01,4485112.15
PIURA,2020-08-01,4885969.23
PIURA,2020-09-01,3134737.47
PIURA,2020-10-01,4402315.18
PIURA,2020-11-01,3695079.2399999998
PIURA,2020-12-01,7079011.92
PIURA,2021-01-01,1937636.48
PIURA,2021-02-01,3242561.08
PIURA,2021-03-01,3114291.63
PIURA,2021-04-01,3341004.04
PIURA,2021-05-01,3732236.03
PIURA,2021-06-01,3367612.4
PIURA,2021-07-01,5937762.2299999995
PIURA,2021-08-01,3214223.36
PIURA,2021-09-01,3138179.96
PIURA,2021-10-01,3316135.84
PIURA,2021-11-01,3631624.4899999998
PIURA,2021-12-01,5972022.41
PIURA,2022-01-01,2238656.85
PIURA,2022-02-01,3226967.9299999997
PIURA,2022-03-01,5329158.83
PIURA,2022-04-01,4452915.17
PIURA,2022-05-01,5167536.62
PIURA,2022-06-01,4778184.44
PIURA,2022-07-01,5290384.74
PIURA,2022-08-01,4278902.1
PIURA,2022-09-01,3628299.98
PIURA,2022-10-01,4883325.4
PIURA,2022-11-01,4897032.75
PIURA,2022-12-01,7621057.88
PIURA,2023-01-01,2275347.84
PIURA,2023-02-01,3368359.07
PIURA,2023-03-01,8414750.88
PIURA,2023-04-01,3694556.36
PIURA,2023-05-01,6312449.88
PIURA,2023-06-01,7882771.35
PIURA,2023-07-01,6077291.81
PIURA,2023-08-01,4144136.69
PIURA,2023-09-01,12199370.120000001
PIURA,2023-10-01,7124430.05
PIURA,2023-11-01,6146339.72
PIURA,2023-12-01,10055677.94
PIURA,2024-01-01,3670580.6300000004
PIURA,2024-02-01,5108834.07
PIURA,2024-03-01,7479161.47
PIURA,2024-04-01,6981782.65
PIURA,2024-05-01,10135748.32
PIURA,2024-06-01,8980371.99
PIURA,2024-07-01,10978939.67
PIURA,2024-08-01,6727963.34
PIURA,2024-09-01,8142658.9399999995
PIURA,2024-10-01,8631612.28
PIURA,2024-11-01,13124891.67
PIURA,2025-01-01,9652421.17
PIURA,2025-02-01,13109415.93
PIURA,2025-03-01,10061906.18
PIURA,2025-04-01,10584747.81
PIURA,2025-05-01,12441287.67
PIURA,2025-06-01,8476464.91
PIURA,2025-07-01,7468211.59
PIURA,2025-08-01,11192052.77
PROV. CONST. DEL CALLAO,2019-01-01,1030497.61
PROV. CONST. DEL CALLAO,2019-02-01,3314564.7199999997
PROV. CONST. DEL CALLAO,2019-03-01,3505265.2
PROV. CONST. DEL CALLAO,2019-04-01,3470217.1
PROV. CONST. DEL CALLAO,2019-05-01,4464440.86
PROV. CONST. DEL CALLAO,2019-06-01,2480897.8
PROV. CONST. DEL CALLAO,2019-07-01,4652269.5600000005
PROV. CONST. DEL CALLAO,2019-08-01,4291119.31
PROV. CONST. DEL CALLAO,2019-09-01,6970876.800000001
PROV. CONST. DEL CALLAO,2019-10-01,5315997.9
PROV. CONST. DEL CALLAO,2019-11-01,3849579.4200000004
PROV. CONST. DEL CALLAO,2019-12-01,5572395.69
PROV. CONST. DEL CALLAO,2020-01-01,2282218.71
PROV. CONST. DEL CALLAO,2020-02-01,3640138.81
PROV. CONST. DEL CALLAO,2020-03-01,4204529.55
PROV. CONST. DEL CALLAO,2020-04-01,3029327.48
PROV. CONST. DEL CALLAO,2020-05-01,2898345.1
PROV. CONST. DEL CALLAO,2020-06-01,3606911.11
PROV. CONST. DEL CALLAO,2020-07-01,3850587.69
PROV. CONST. DEL CALLAO,2020-08-01,2978213.34
PROV. CONST. DEL CALLAO,2020-09-01,4072826.73
PROV. CONST. DEL CALLAO,2020-10-01,3657088.2199999997
PROV. CONST. DEL CALLAO,2020-11-01,3645561.84
PROV. CONST. DEL CALLAO,2020-12-01,4248117.24
PROV. CONST. DEL CALLAO,2021-01-01,2764401.62
PROV. CONST. DEL CALLAO,2021-02-01,3105709.43
PROV. CONST. DEL CALLAO,2021-03-01,4837398.4799999995
PROV. CONST. DEL CALLAO,2021-04-01,3394667.42
PROV. CONST. DEL CALLAO,2021-05-01,3457742.18
PROV. CONST. DEL CALLAO,2021-06-01,3762629.38
PROV. CONST. DEL CALLAO,2021-07-01,4058386.22
PROV. CONST. DEL CALLAO,2021-08-01,3508601.99
PROV. CONST. DEL CALLAO,2021-09-01,3288562.49
PROV. CONST. DEL CALLAO,2021-10-01,3772031.84
PROV. CONST. DEL CALLAO,2021-11-01,2741287.02
PROV. CONST. DEL CALLAO,2021-12-01,4428471.99
PROV. CONST. DEL CALLAO,2022-01-01,2136800.95
PROV. CONST. DEL CALLAO,2022-02-01,3786515.63
PROV. CONST. DEL CALLAO,2022-03-01,4558106.28
PROV. CONST. DEL CALLAO,2022-04-01,3318534.39
PROV. CONST. DEL CALLAO,2022-05-01,4093153.17
PROV. CONST. DEL CALLAO,2022-06-01,11827066.69
PROV. CONST. DEL CALLAO,2022-07-01,4736133.81
PROV. CONST. DEL CALLAO,2022-08-01,3904126.26
PROV. CONST. DEL CALLAO,2022-09-01,3855627.63
PROV. CONST. DEL CALLAO,2022-10-01,19591669.72
PROV. CONST. DEL CALLAO,2022-11-01,4421027.63
PROV. CONST. DEL CALLAO,2022-12-01,5150546.92
PROV. CONST. DEL CALLAO,2023-01-01,1365298.57
PROV. CONST. DEL CALLAO,2023-02-01,4854415.8
PROV. CONST. DEL CALLAO,2023-03-01,6894423.89
PROV. CONST. DEL CALLAO,2023-04-01,5084432.72
PROV. CONST. DEL CALLAO,2023-05-01,9111788.36
PROV. CONST. DEL CALLAO,2023-06-01,5673689.09
PROV. CONST. DEL CALLAO,2023-07-01,5944848.87
PROV. CONST. DEL CALLAO,2023-08-01,6389181.35
PROV. CONST. DEL CALLAO,2023-09-01,4066832.91
PROV. CONST. DEL CALLAO,2023-10-01,13218148.79
PROV. CONST. DEL CALLAO,2023-11-01,5743356.42
PROV. CONST. DEL CALLAO,2023-12-01,8559937.96
PROV. CONST. DEL CALLAO,2024-01-01,2594828.86
PROV. CONST. DEL CALLAO,2024-02-01,5431138.12
PROV. CONST. DEL CALLAO,2024-03-01,7381453.19
PROV. CONST. DEL CALLAO,2024-04-01,5520382.26
PROV. CONST. DEL CALLAO,2024-05-01,8769851.76
PROV. CONST. DEL CALLAO,2024-06-01,5607963.16
PROV. CONST. DEL CALLAO,2024-07-01,7564979.7
PROV. CONST. DEL CALLAO,2024-08-01,5587792.63
PROV. CONST. DEL CALLAO,2024-09-01,7643353.74
PROV. CONST. DEL CALLAO,2024-10-01,6872285.37
PROV. CONST. DEL CALLAO,2024-11-01,4967324.44
PROV. CONST. DEL CALLAO,2024-12-01,16222972.120000001
PROV. CONST. DEL CALLAO,2025-01-01,6229629.55
PROV. CONST. DEL CALLAO,2025-02-01,12787570.11
PROV. CONST. DEL CALLAO,2025-03-01,7496384.57
PROV. CONST. DEL CALLAO,2025-04-01,6393992.11
PROV. CONST. DEL CALLAO,2025-05-01,6775936.41
PROV. CONST. DEL CALLAO,2025-06-01,10452138.68
PROV. CONST. DEL CALLAO,2025-07-01,6917250.05
PROV. CONST. DEL CALLAO,2025-08-01,8988789.82
PUNO,2019-01-01,172657.74
PUNO,2019-02-01,1675927.46
PUNO,2019-03-01,2089278.69
PUNO,2019-04-01,1983170.55
PUNO,2019-05-01,1702969.96
PUNO,2019-06-01,1481221.91
PUNO,2019-07-01,2211241.57
PUNO,2019-08-01,1738552.4
PUNO,2019-09-01,1749066.99
PUNO,2019-10-01,1998032.53
PUNO,2019-11-01,2062175.02
PUNO,2019-12-01,4018176.52
PUNO,2020-01-01,506770.91
PUNO,2020-02-01,2021070.27
PUNO,2020-03-01,2261828.94
PUNO,2020-04-01,1565374.91
PUNO,2020-05-01,1871071.66
PUNO,2020-06-01,2387551.4
PUNO,2020-07-01,2835108.07
PUNO,2020-08-01,2337302.29
PUNO,2020-09-01,2292988.36
PUNO,2020-10-01,2533927.55
PUNO,2020-11-01,2167118.7399999998
PUNO,2020-12-01,5726447.62
PUNO,2021-01-01,611213.36
PUNO,2021-02-01,1878398.32
PUNO,2021-03-01,2454852.97
PUNO,2021-04-01,2097404.6
PUNO,2021-05-01,2170507.74
PUNO,2021-06-01,2281953.21
PUNO,2021-07-01,3067476.99
PUNO,2021-08-01,2084378.2
PUNO,2021-09-01,2520319.02
PUNO,2021-10-01,2213139.55
PUNO,2021-11-01,2360888.99
PUNO,2021-12-01,5213354.76
PUNO,2022-01-01,642054.24
PUNO,2022-02-01,1900220.8699999999
PUNO,2022-03-01,3348323.09
PUNO,2022-04-01,2352288.91
PUNO,2022-05-01,2914610.92
PUNO,2022-06-01,2492485.56
PUNO,2022-07-01,3276275.63
PUNO,2022-08-01,2530975.74
PUNO,2022-09-01,2553290.07
PUNO,2022-10-01,2509486.94
PUNO,2022-11-01,2848487.77
PUNO,2022-12-01,5730823.62
PUNO,2023-01-01,26782.75
PUNO,2023-02-01,2001015.2
PUNO,2023-03-01,3376063.81
PUNO,2023-04-01,3150949.82
PUNO,2023-05-01,3120261.75
PUNO,2023-06-01,3335111.33
PUNO,2023-07-01,3306056.52
PUNO,2023-08-01,2838940.64
PUNO,2023-09-01,2586622.82
PUNO,2023-10-01,2839310.19
PUNO,2023-11-01,3086322.94
PUNO,2023-12-01,5140978.27
PUNO,2024-01-01,1098330.39
PUNO,2024-02-01,2522468.45
PUNO,2024-03-01,2839408.71
PUNO,2024-04-01,3262029.48
PUNO,2024-05-01,4942444.140000001
PUNO,2024-06-01,3016464.9099999997
PUNO,2024-07-01,4176539.98
PUNO,2024-08-01,3480943.45
PUNO,2024-09-01,3003637.19
PUNO,2024-10-01,3828150.47
PUNO,2024-11-01,3791084.75
PUNO,2025-01-01,1035056.14
PUNO,2025-02-01,3745087.42
PUNO,2025-03-01,4894539.47
PUNO,2025-04-01,3563128.37
PUNO,2025-05-01,5314893.88
PUNO,2025-06-01,4432920.41
PUNO,2025-07-01,4799196.2
PUNO,2025-08-01,3627092.62
REGION LIMA,2019-01-01,586934.01
REGION LIMA,2019-02-01,1501316.02
REGION LIMA,2019-03-01,2305603.25
REGION LIMA,2019-04-01,2651833.65
REGION LIMA,2019-05-01,2869312.67
REGION LIMA,2019-06-01,2604229.44
REGION LIMA,2019-07-01,2994969.78
REGION LIMA,2019-08-01,2190430.24
REGION LIMA,2019-09-01,2241424.71
REGION LIMA,2019-10-01,2803455.35
REGION LIMA,2019-11-01,2333662.59
REGION LIMA,2019-12-01,4399859.9
REGION LIMA,2020-01-01,2438766.4899999998
REGION LIMA,2020-02-01,4141948.7800000003
REGION LIMA,2020-03-01,3104891.48
REGION LIMA,2020-04-01,1538903.09
REGION LIMA,2020-05-01,2030231.9
REGION LIMA,2020-06-01,2383027.45
REGION LIMA,2020-07-01,3749208.33
REGION LIMA,2020-08-01,3216564.6
REGION LIMA,2020-09-01,2663848.83
REGION LIMA,2020-10-01,2980185.15
REGION LIMA,2020-11-01,4575156.2700000005
REGION LIMA,2020-12-01,6041089.5
REGION LIMA,2021-01-01,972745.81
REGION LIMA,2021-02-01,1934124.54
REGION LIMA,2021-03-01,3133922.24
REGION LIMA,2021-04-01,2534116.22
REGION LIMA,2021-05-01,2574405.4
REGION LIMA,2021-06-01,2588727.12
REGION LIMA,2021-07-01,2898286.85
REGION LIMA,2021-08-01,3183737.99
REGION LIMA,2021-09-01,3359108.25
REGION LIMA,2021-10-01,2560100.82
REGION LIMA,2021-11-01,2790267.85
REGION LIMA,2021-12-01,4844326.95
REGION LIMA,2022-01-01,1617702.52
REGION LIMA,2022-02-01,2058827.85
REGION LIMA,2022-03-01,3242730.28
REGION LIMA,2022-04-01,2848925.67
REGION LIMA,2022-05-01,2906222.34
REGION LIMA,2022-06-01,3296610.48
REGION LIMA,2022-07-01,3529029.07
REGION LIMA,2022-08-01,3622296.67
REGION LIMA,2022-09-01,3208077.99
REGION LIMA,2022-10-01,3885581.91
REGION LIMA,2022-11-01,3826309.92
REGION LIMA,2022-12-01,7009975.34
REGION LIMA,2023-01-01,1057307.4
REGION LIMA,2023-02-01,2563477.07
REGION LIMA,2023-03-01,2992429.77
REGION LIMA,2023-04-01,3024642.16
REGION LIMA,2023-05-01,3507918.04
REGION LIMA,2023-06-01,2869275.24
REGION LIMA,2023-07-01,3705086.9
REGION LIMA,2023-08-01,3188517.98
REGION LIMA,2023-09-01,3317973.64
REGION LIMA,2023-10-01,5339992.89
REGION LIMA,2023-11-01,3759650.54
REGION LIMA,2023-12-01,8387874.14
REGION LIMA,2024-01-01,3958490.89
REGION LIMA,2024-02-01,3242764.19
REGION LIMA,2024-03-01,3948945.53
REGION LIMA,2024-04-01,3633684.87
REGION LIMA,2024-05-01,5259317.32
REGION LIMA,2024-06-01,3713715.2800000003
REGION LIMA,2024-07-01,4810903.72
REGION LIMA,2024-08-01,3305195.08
REGION LIMA,2024-09-01,4610312.23
REGION LIMA,2024-10-01,6001158.28
REGION LIMA,2024-11-01,5193048.46
REGION LIMA,2024-12-01,7662605.26
REGION LIMA,2025-01-01,2511691.32
REGION LIMA,2025-02-01,3990789.86
REGION LIMA,2025-03-01,5028441.75
REGION LIMA,2025-04-01,4550726.13
REGION LIMA,2025-05-01,4632905.32
REGION LIMA,2025-06-01,4230128.62
REGION LIMA,2025-07-01,5438799.57
REGION LIMA,2025-08-01,4198425.82
SAN MARTIN,2019-01-01,286805.32
SAN MARTIN,2019-02-01,451668.02
SAN MARTIN,2019-03-01,641043.51
SAN MARTIN,2019-04-01,679265.63
SAN MARTIN,2019-05-01,691949.6
SAN MARTIN,2019-06-01,784329.9
SAN MARTIN,2019-07-01,1021801.64
SAN MARTIN,2019-08-01,726896.56
SAN MARTIN,2019-09-01,1097609.25
SAN MARTIN,2019-10-01,1090808.25
SAN MARTIN,2019-11-01,851613.05
SAN MARTIN,2019-12-01,1045374.49
SAN MARTIN,2020-01-01,593979.11
SAN MARTIN,2020-02-01,712922.26
SAN MARTIN,2020-03-01,984131.76
SAN MARTIN,2020-04-01,674764.71
SAN MARTIN,2020-05-01,984119.5599999999
SAN MARTIN,2020-06-01,1043285.28
SAN MARTIN,2020-07-01,1407070.36
SAN MARTIN,2020-08-01,1420187.71
SAN MARTIN,2020-09-01,1061447.2
SAN MARTIN,2020-10-01,995141.72
SAN MARTIN,2020-11-01,1242430.57
SAN MARTIN,2020-12-01,2128331.63
SAN MARTIN,2021-01-01,630802.7
SAN MARTIN,2021-02-01,643768.92
SAN MARTIN,2021-03-01,2702849.21
SAN MARTIN,2021-04-01,931094.55
SAN MARTIN,2021-05-01,1469992.45
SAN MARTIN,2021-06-01,1253659.32
SAN MARTIN,2021-07-01,1181003.3
SAN MARTIN,2021-08-01,948918.79
SAN MARTIN,2021-09-01,1476883.74
SAN MARTIN,2021-10-01,972342.77
SAN MARTIN,2021-11-01,1413781.01
SAN MARTIN,2021-12-01,2050976.77
SAN MARTIN,2022-01-01,696859.96
SAN MARTIN,2022-02-01,916878.12
SAN MARTIN,2022-03-01,1398428.1
SAN MARTIN,2022-04-01,1085570.84
SAN MARTIN,2022-05-01,1364880.49
SAN MARTIN,2022-06-01,1125343.97
SAN MARTIN,2022-07-01,1357691.36
SAN MARTIN,2022-08-01,1338218.43
SAN MARTIN,2022-09-01,1245918.82
SAN MARTIN,2022-10-01,1498729.84
SAN MARTIN,2022-11-01,1128643.1
SAN MARTIN,2022-12-01,2074047.43
SAN MARTIN,2023-01-01,499305.83
SAN MARTIN,2023-02-01,1055479.27
SAN MARTIN,2023-03-01,1484857.22
SAN MARTIN,2023-04-01,1564491.53
SAN MARTIN,2023-05-01,1395174.55
SAN MARTIN,2023-06-01,1584992.55
SAN MARTIN,2023-07-01,1838197.44
SAN MARTIN,2023-08-01,1575941.14
SAN MARTIN,2023-09-01,1266221.95
SAN MARTIN,2023-10-01,1650779.56
SAN MARTIN,2023-11-01,1502661.3699999999
SAN MARTIN,2023-12-01,1770384.03
SAN MARTIN,2024-01-01,876529.17
SAN MARTIN,2024-02-01,1224004.32
SAN MARTIN,2024-03-01,1347244.77
SAN MARTIN,2024-04-01,1318890.29
SAN MARTIN,2024-05-01,1696744.51
SAN MARTIN,2024-06-01,1511165.62
SAN MARTIN,2024-07-01,1950494.16
SAN MARTIN,2024-08-01,1424155.08
SAN MARTIN,2024-09-01,2116103.94
SAN MARTIN,2024-10-01,1744382.46
SAN MARTIN,2024-11-01,1820337.48
SAN MARTIN,2024-12-01,2416428.16
SAN MARTIN,2025-01-01,1209993.98
SAN MARTIN,2025-02-01,1530759.3399999999
SAN MARTIN,2025-03-01,2000790.81
SAN MARTIN,2025-04-01,1765321.8
SAN MARTIN,2025-05-01,2098280.42
SAN MARTIN,2025-06-01,1833794.78
SAN MARTIN,2025-07-01,1878051.83
SAN MARTIN,2025-08-01,1778715.82
TACNA,2019-01-01,124998.0
TACNA,2019-02-01,600669.78
TACNA,2019-03-01,530873.28
TACNA,2019-04-01,559757.82
TACNA,2019-05-01,796811.19
TACNA,2019-06-01,792161.49
TACNA,2019-07-01,992417.26
TACNA,2019-08-01,628799.34
TACNA,2019-09-01,1002045.65
TACNA,2019-10-01,940086.11
TACNA,2019-11-01,920576.03
TACNA,2019-12-01,1774596.18
TACNA,2020-01-01,483168.47
TACNA,2020-02-01,939431.34
TACNA,2020-03-01,980430.39
TACNA,2020-04-01,893927.72
TACNA,2020-05-01,1001633.75
TACNA,2020-06-01,950351.44
TACNA,2020-07-01,1287728.28
TACNA,2020-08-01,835192.97
TACNA,2020-09-01,1782538.22
TACNA,2020-10-01,1644465.36
TACNA,2020-11-01,1330517.25
TACNA,2020-12-01,2859869.41
TACNA,2021-01-01,592309.21
TACNA,2021-02-01,1169810.95
TACNA,2021-03-01,1939395.28
TACNA,2021-04-01,1685512.92
TACNA,2021-05-01,1742717.57
TACNA,2021-06-01,1945735.99
TACNA,2021-07-01,3020772.2399999998
TACNA,2021-08-01,2071413.03
TACNA,2021-09-01,1535215.08
TACNA,2021-10-01,2549590.2
TACNA,2021-11-01,2544103.02
TACNA,2021-12-01,3733161.42
TACNA,2022-01-01,728665.08
TACNA,2022-02-01,2886040.06
TACNA,2022-03-01,3324821.4
TACNA,2022-04-01,2190749.9899999998
TACNA,2022-05-01,1937686.01
TACNA,2022-06-01,1968041.95
TACNA,2022-07-01,2337028.56
TACNA,2022-08-01,2155503.63
TACNA,2022-09-01,1469866.94
TACNA,2022-10-01,2505463.0
TACNA,2022-11-01,2081364.37
TACNA,2022-12-01,3921809.89
TACNA,2023-01-01,622724.1
TACNA,2023-02-01,976205.44
TACNA,2023-03-01,1700236.8800000001
TACNA,2023-04-01,1864100.72
TACNA,2023-05-01,1519393.18
TACNA,2023-06-01,1908666.0
TACNA,2023-07-01,2595392.98
TACNA,2023-08-01,2201230.35
TACNA,2023-09-01,2536956.13
TACNA,2023-10-01,2319992.12
TACNA,2023-11-01,1526460.73
TACNA,2023-12-01,4308933.4
TACNA,2024-01-01,696864.5700000001
TACNA,2024-02-01,1926370.28
TACNA,2024-03-01,2720627.82
TACNA,2024-04-01,2678981.95
TACNA,2024-05-01,2280847.3
TACNA,2024-06-01,7601539.29
TACNA,2024-07-01,3567828.73
TACNA,2024-08-01,2607361.32
TACNA,2024-09-01,4303349.85
TACNA,2024-10-01,4359974.04
TACNA,2024-11-01,2620677.58
TACNA,2024-12-01,5826152.53
TACNA,2025-01-01,1051330.28
TACNA,2025-02-01,1923002.69
TACNA,2025-03-01,3910865.36
TACNA,2025-04-01,3401795.57
TACNA,2025-06-01,3867435.24
TACNA,2025-07-01,4173091.48
TACNA,2025-08-01,8495594.1
TUMBES,2019-01-01,266840.99
TUMBES,2019-02-01,400853.63
TUMBES,2019-03-01,574584.83
TUMBES,2019-04-01,478987.64
TUMBES,2019-05-01,570444.39
TUMBES,2019-06-01,568260.24
TUMBES,2019-07-01,785130.14
TUMBES,2019-08-01,512622.92
TUMBES,2019-09-01,558329.67
TUMBES,2019-10-01,626202.59
TUMBES,2019-11-01,568389.22
TUMBES,2019-12-01,869220.62
TUMBES,2020-01-01,424033.83
TUMBES,2020-02-01,394698.88
TUMBES,2020-03-01,643971.55
TUMBES,2020-04-01,373575.79
TUMBES,2020-05-01,497020.72000000003
TUMBES,2020-06-01,407636.19
TUMBES,2020-07-01,588107.6900000001
TUMBES,2020-08-01,441705.99
TUMBES,2020-09-01,676804.88
TUMBES,2020-10-01,770864.0
TUMBES,2020-11-01,910372.85
TUMBES,2020-12-01,3212496.2399999998
TUMBES,2021-01-01,1096163.08
TUMBES,2021-02-01,757562.15
TUMBES,2021-03-01,1190429.59
TUMBES,2021-04-01,2285702.0500000003
TUMBES,2021-05-01,1855788.13
TUMBES,2021-06-01,1474270.77
TUMBES,2021-07-01,792168.73
TUMBES,2021-08-01,1367524.47
TUMBES,2021-09-01,1109771.97
TUMBES,2021-10-01,1281346.71
TUMBES,2021-11-01,683732.32
TUMBES,2021-12-01,1615643.57
TUMBES,2022-01-01,461205.99
TUMBES,2022-02-01,551397.88
TUMBES,2022-03-01,709912.47
TUMBES,2022-04-01,948358.75
TUMBES,2022-05-01,851474.8099999999
TUMBES,2022-06-01,657164.84
TUMBES,2022-07-01,983184.4
TUMBES,2022-08-01,954839.8099999999
TUMBES,2022-09-01,749384.21
TUMBES,2022-10-01,944192.44
TUMBES,2022-11-01,946207.16
TUMBES,2022-12-01,911784.5900000001
TUMBES,2023-01-01,256178.85
TUMBES,2023-02-01,709826.98
TUMBES,2023-03-01,651147.55
TUMBES,2023-04-01,759790.45
TUMBES,2023-05-01,827441.87
TUMBES,2023-06-01,695819.58
TUMBES,2023-07-01,1199389.52
TUMBES,2023-08-01,727325.69
TUMBES,2023-09-01,568969.86
TUMBES,2023-10-01,797744.07
TUMBES,2023-11-01,801642.24
TUMBES,2023-12-01,1143509.1300000001
TUMBES,2024-01-01,554293.78
TUMBES,2024-02-01,579920.02
TUMBES,2024-03-01,718470.08
TUMBES,2024-04-01,1074483.42
TUMBES,2024-05-01,986400.9199999999
TUMBES,2024-06-01,1028745.31
TUMBES,2024-07-01,1168740.86
TUMBES,2024-08-01,969131.21
TUMBES,2024-09-01,790308.42
TUMBES,2024-10-01,920277.15
TUMBES,2024-11-01,1139073.36
TUMBES,2024-12-01,4947598.600000001
TUMBES,2025-01-01,739671.64
TUMBES,2025-02-01,4622346.5600000005
TUMBES,2025-03-01,838035.4
TUMBES,2025-05-01,1152559.49
TUMBES,2025-06-01,4903294.53
TUMBES,2025-07-01,4974497.09
TUMBES,2025-08-01,893893.5900000001
UCAYALI,2019-01-01,72166.28000000001
UCAYALI,2019-02-01,617881.0599999999
UCAYALI,2019-03-01,777921.36
UCAYALI,2019-04-01,542176.87
UCAYALI,2019-05-01,1094579.41
UCAYALI,2019-06-01,938127.97
UCAYALI,2019-07-01,815528.01
UCAYALI,2019-08-01,617425.74
UCAYALI,2019-09-01,456137.94
UCAYALI,2019-10-01,510062.68
UCAYALI,2019-11-01,556453.49
UCAYALI,2019-12-01,516807.98000000004
UCAYALI,2020-01-01,318359.22
UCAYALI,2020-02-01,430200.54000000004
UCAYALI,2020-03-01,752737.84
UCAYALI,2020-04-01,409294.31
UCAYALI,2020-05-01,466418.73
UCAYALI,2020-06-01,537582.8
UCAYALI,2020-07-01,667493.28
UCAYALI,2020-08-01,808570.53
UCAYALI,2020-09-01,2113981.84
UCAYALI,2020-10-01,3158770.91
UCAYALI,2020-11-01,576870.96
UCAYALI,2021-01-01,295600.62
UCAYALI,2021-02-01,428878.5
UCAYALI,2021-03-01,1163527.23
UCAYALI,2021-04-01,635073.38
UCAYALI,2021-05-01,621346.15
UCAYALI,2021-06-01,811619.3300000001
UCAYALI,2021-07-01,783201.18
UCAYALI,2021-08-01,912689.03
UCAYALI,2021-09-01,799489.47
UCAYALI,2021-10-01,596059.67
UCAYALI,2021-11-01,895140.37
UCAYALI,2021-12-01,1817331.5999999999
UCAYALI,2022-01-01,249626.1
UCAYALI,2022-02-01,1017521.5800000001
UCAYALI,2022-03-01,1446336.56
UCAYALI,2022-04-01,1017144.37
UCAYALI,2022-05-01,1165206.32
UCAYALI,2022-06-01,1583057.5
UCAYALI,2022-07-01,1632387.46
UCAYALI,2022-08-01,1125934.54
UCAYALI,2022-09-01,1000574.61
UCAYALI,2022-10-01,975133.65
UCAYALI,2022-11-01,882944.57
UCAYALI,2022-12-01,1231039.1199999999
UCAYALI,2023-01-01,191808.19
UCAYALI,2023-02-01,1182795.46
UCAYALI,2023-03-01,922069.7100000001
UCAYALI,2023-04-01,876262.8
UCAYALI,2023-05-01,1356250.17
UCAYALI,2023-06-01,1362640.3900000001
UCAYALI,2023-07-01,943360.24
UCAYALI,2023-08-01,1647525.68
UCAYALI,2023-09-01,2207333.5100000002
UCAYALI,2023-10-01,3022360.91
UCAYALI,2023-11-01,1356442.19
UCAYALI,2023-12-01,4797305.12
UCAYALI,2024-01-01,161732.82
UCAYALI,2024-02-01,1169908.43
UCAYALI,2024-03-01,1373791.28
UCAYALI,2024-04-01,1969016.3699999999
UCAYALI,2024-05-01,1558495.49
UCAYALI,2024-06-01,1379756.05
UCAYALI,2024-07-01,1407356.09
UCAYALI,2024-08-01,2726189.35
UCAYALI,2024-09-01,1986821.1400000001
UCAYALI,2024-10-01,2997526.93
UCAYALI,2024-11-01,3440393.52
UCAYALI,2024-12-01,3367655.8200000003
UCAYALI,2025-01-01,558255.8799999999
UCAYALI,2025-02-01,1690930.0899999999
UCAYALI,2025-03-01,1573557.29
UCAYALI,2025-04-01,2282820.77
UCAYALI,2025-05-01,2251508.15
UCAYALI,2025-06-01,1668373.1500000001
UCAYALI,2025-07-01,2186544.45
UCAYALI,2025-08-01,1396910.19
